[ActionDispatch::HostAuthorization::DefaultResponseApp] Blocked hosts: www.example.com
[ActionDispatch::HostAuthorization::DefaultResponseApp] Blocked hosts: www.example.com
Started GET "/" for 127.0.0.1 at 2026-09-03 15:50:40 +0100
Processing by PagesController#home as HTML
  Rendering layout layouts/application.html.erb
  Rendering pages/home.html.erb within layouts/application
  Rendered shared/_nav.html.erb (Duration: 0.1ms | GC: 0.0ms)
  Rendered pages/home.html.erb within layouts/application (Duration: 1.0ms | GC: 0.0ms)
  Rendered layout layouts/application.html.erb (Duration: 4.7ms | GC: 0.0ms)
Completed 200 OK in 23ms (Views: 6.6ms | GC: 0.0ms)


Started GET "/questionnaire" for 127.0.0.1 at 2026-09-03 15:50:40 +0100
Processing by PagesController#questionnaire as HTML
  Rendering layout layouts/application.html.erb
  Rendering pages/questionnaire.html.erb within layouts/application
  Rendered shared/_nav.html.erb (Duration: 0.0ms | GC: 0.0ms)
  Rendered pages/questionnaire.html.erb within layouts/application (Duration: 0.4ms | GC: 0.0ms)
  Rendered layout layouts/application.html.erb (Duration: 10.8ms | GC: 5.9ms)
Completed 200 OK in 12ms (Views: 11.1ms | GC: 5.9ms)


Started GET "/results?preference=travel&categories[]=dining&credit_band=good&fee=95" for 127.0.0.1 at 2026-09-03 15:50:40 +0100
Processing by PagesController#results as HTML
  Parameters: {"preference"=>"travel", "categories"=>["dining"], "credit_band"=>"good", "fee"=>"95"}
  Rendering layout layouts/application.html.erb
  Rendering pages/results.html.erb within layouts/application
  Rendered pages/results.html.erb within layouts/application (Duration: 195.0ms | GC: 0.0ms)
  Rendered layout layouts/application.html.erb (Duration: 195.1ms | GC: 0.0ms)
Completed 500 Internal Server Error in 197ms (GC: 0.5ms)


  
ActionView::SyntaxErrorInTemplate (Encountered a syntax error while rendering template located at: app/views/pages/results.html.erb)
Caused by: ActiveSupport::SyntaxErrorProxy (/Users/noah/shuffl/app/views/pages/results.html.erb:7: unknown regexp options - pa
...ualFee'] }</b> total fees</span></div><p class="fine-print">...
...                          ^~~~~
/Users/noah/shuffl/app/views/pages/results.html.erb:7: syntax error, unexpected '<'
...lFee'] }</b> total fees</span></div><p class="fine-print">Es...
...                              ^
/Users/noah/shuffl/app/views/pages/results.html.erb:7: unknown regexp option - p
...our actual rewards may vary.</p></aside>
...                             ^~
/Users/noah/shuffl/app/views/pages/results.html.erb:8: unknown regexp options - pa
...><span class="mini-chip"></span><b>'.freeze; @output_buffer....
...                          ^~~~~
/Users/noah/shuffl/app/views/pages/results.html.erb:8: unknown regexp options - dv
...t_buffer.safe_append='</b></div><span class="network">'.free...
...                           ^~~~
/Users/noah/shuffl/app/views/pages/results.html.erb:8: unknown regexp options - trg
...ut_buffer.safe_append='</strong><span>•••• '.freeze;...
...                        ^~~~~~~
/Users/noah/shuffl/app/views/pages/results.html.erb:8: unknown regexp options - dv
...uffer.safe_append='</span></div><div class="card-body"><span...
...                           ^~~~
/Users/noah/shuffl/app/views/pages/results.html.erb:8: unknown regexp option - h
...@output_buffer.safe_append='</h3><p>Best for '.freeze; @outp...
...                             ^~
/Users/noah/shuffl/app/views/pages/results.html.erb:8: unknown regexp options - dv
...utput_buffer.safe_append='</div><div class="reward-line"><sp...
...                           ^~~~
/Users/noah/shuffl/app/views/pages/results.html.erb:8: unknown regexp options - trg
...er.safe_append='× back</strong></div><div class="card-actio...
...                        ^~~~~~~
/Users/noah/shuffl/app/views/pages/results.html.erb:8: unknown regexp options - btt
... type="button">♡ Keep</button><button class="button button...
...                        ^~~~~~~
/Users/noah/shuffl/app/views/pages/results.html.erb:8: unknown regexp options - dv
..."button">↻ Swap</button></div></div></article>'.freeze; en...
...                           ^~~~
/Users/noah/shuffl/app/views/pages/results.html.erb:8: unknown regexp options - artcl
...p</button></div></div></article>'.freeze; end ; @output_buff...
...                       ^~~~~~~~
/Users/noah/shuffl/app/views/pages/results.html.erb:9: unknown regexp options - dv
  </div>
   ^~~~
/Users/noah/shuffl/app/views/pages/results.html.erb:10: unknown regexp option - p
...> cards saved to your wallet</p><a class="button" href="/wal...
...                             ^~
/Users/noah/shuffl/app/views/pages/results.html.erb:10: unknown regexp options - dv
...et">View My Wallet →</a></div>
...                           ^~~~
/Users/noah/shuffl/app/views/pages/results.html.erb:13: unknown regexp options - vw
...safe_append='<!-- END app/views/pages/results.html.erb -->';...
...                         ^~~~~~
/Users/noah/shuffl/app/views/pages/results.html.erb:14: unterminated string meets end of file
          end
             ^
)

Information for: ActionView::SyntaxErrorInTemplate (Encountered a syntax error while rendering template located at: app/views/pages/results.html.erb):
1:    <% content_for :title, "Your matched stack — Shuffl" %>
2:    <%= render "shared/nav" %>
3:    <main class="results shell" data-results data-alternatives='<%= raw @alternatives.to_json %>'>
4:      <div class="result-heading"><div><span class="eyebrow"><span>✦</span> YOUR MATCH IS READY</span><h1>Meet your <em>money stack.</em></h1><p>Three cards. One job each. More rewards, less thinking.</p></div><a href="/questionnaire" class="button button-secondary">↻ Retake quiz</a></div>
5:      <div class="results-layout">
6:        <aside class="match-summary"><div class="summary-icon"><%= @stack['icon'] == 'plane' ? '✈︎' : '✦' %></div><span class="kicker">RECOMMENDED FOR YOU</span><h2><%= @stack['name'] %></h2><p><%= @stack['description'] %></p><div class="summary-stat"><span>Projected annual value</span><strong>$<%= @cards.sum { |c| (c['rewards'].values.max * 62) - c['annualFee'] }.round %><small>/ year</small></strong></div><div class="summary-meta"><span><b><%= @cards.length %></b> cards</span><span><b><%= @cards.sum { |c| c['annualFee'] == 0 ? 0 : c['annualFee'] }</b> total fees</span></div><p class="fine-print">Estimate based on typical monthly spending. Your actual rewards may vary.</p></aside>
7:        <section class="matched-cards" aria-label="Matched cards"><% @cards.each_with_index do |card,index| %><article class="result-card" data-card='<%= raw card.to_json %>'><div class="card-visual tone-<%= index + 1 %>"><div><span class="mini-chip"></span><b><%= card['issuer'] %></b></div><span class="network"><%= card['cardNetwork'] %></span><strong><%= card['name'] %></strong><span>•••• <%= 4829 + index * 813 %></span></div><div class="card-body"><span class="card-role"><%= %w[EVERYDAY SPECIALIST BACKUP][index] %></span><h3><%= card['name'] %></h3><p>Best for <%= card['categories'].first(2).join(' & ') %>, with rewards that fit this stack.</p><div class="tags"><% card['perks'].first(3).each do |perk| %><span><%= perk %></span><% end %></div><div class="reward-line"><span>Top reward</span><strong>+<%= card['rewards'].values.max %>× back</strong></div><div class="card-actions"><button class="button keep-card" type="button">♡ Keep</button><button class="button button-secondary swap-card" type="button">↻ Swap</button></div></div></article><% end %></section>
8:      </div>
9:      <div class="results-footer"><p><span data-kept-count>0</span> cards saved to your wallet</p><a class="button" href="/wallet">View My Wallet →</a></div>
10:    </main>
  
app/views/pages/results.html.erb:7: unknown regexp options - pa
app/views/pages/results.html.erb:7: syntax error, unexpected '<'
app/views/pages/results.html.erb:7: unknown regexp option - p
app/views/pages/results.html.erb:8: unknown regexp options - pa
app/views/pages/results.html.erb:8: unknown regexp options - dv
app/views/pages/results.html.erb:8: unknown regexp options - trg
app/views/pages/results.html.erb:8: unknown regexp options - dv
app/views/pages/results.html.erb:8: unknown regexp option - h
app/views/pages/results.html.erb:8: unknown regexp options - dv
app/views/pages/results.html.erb:8: unknown regexp options - trg
app/views/pages/results.html.erb:8: unknown regexp options - btt
app/views/pages/results.html.erb:8: unknown regexp options - dv
app/views/pages/results.html.erb:8: unknown regexp options - artcl
app/views/pages/results.html.erb:9: unknown regexp options - dv
app/views/pages/results.html.erb:10: unknown regexp option - p
app/views/pages/results.html.erb:10: unknown regexp options - dv
app/views/pages/results.html.erb:13: unknown regexp options - vw
app/views/pages/results.html.erb:14: unterminated string meets end of file

Information for cause: ActiveSupport::SyntaxErrorProxy (/Users/noah/shuffl/app/views/pages/results.html.erb:7: unknown regexp options - pa
...ualFee'] }</b> total fees</span></div><p class="fine-print">...
...                          ^~~~~
/Users/noah/shuffl/app/views/pages/results.html.erb:7: syntax error, unexpected '<'
...lFee'] }</b> total fees</span></div><p class="fine-print">Es...
...                              ^
/Users/noah/shuffl/app/views/pages/results.html.erb:7: unknown regexp option - p
...our actual rewards may vary.</p></aside>
...                             ^~
/Users/noah/shuffl/app/views/pages/results.html.erb:8: unknown regexp options - pa
...><span class="mini-chip"></span><b>'.freeze; @output_buffer....
...                          ^~~~~
/Users/noah/shuffl/app/views/pages/results.html.erb:8: unknown regexp options - dv
...t_buffer.safe_append='</b></div><span class="network">'.free...
...                           ^~~~
/Users/noah/shuffl/app/views/pages/results.html.erb:8: unknown regexp options - trg
...ut_buffer.safe_append='</strong><span>•••• '.freeze;...
...                        ^~~~~~~
/Users/noah/shuffl/app/views/pages/results.html.erb:8: unknown regexp options - dv
...uffer.safe_append='</span></div><div class="card-body"><span...
...                           ^~~~
/Users/noah/shuffl/app/views/pages/results.html.erb:8: unknown regexp option - h
...@output_buffer.safe_append='</h3><p>Best for '.freeze; @outp...
...                             ^~
/Users/noah/shuffl/app/views/pages/results.html.erb:8: unknown regexp options - dv
...utput_buffer.safe_append='</div><div class="reward-line"><sp...
...                           ^~~~
/Users/noah/shuffl/app/views/pages/results.html.erb:8: unknown regexp options - trg
...er.safe_append='× back</strong></div><div class="card-actio...
...                        ^~~~~~~
/Users/noah/shuffl/app/views/pages/results.html.erb:8: unknown regexp options - btt
... type="button">♡ Keep</button><button class="button button...
...                        ^~~~~~~
/Users/noah/shuffl/app/views/pages/results.html.erb:8: unknown regexp options - dv
..."button">↻ Swap</button></div></div></article>'.freeze; en...
...                           ^~~~
/Users/noah/shuffl/app/views/pages/results.html.erb:8: unknown regexp options - artcl
...p</button></div></div></article>'.freeze; end ; @output_buff...
...                       ^~~~~~~~
/Users/noah/shuffl/app/views/pages/results.html.erb:9: unknown regexp options - dv
  </div>
   ^~~~
/Users/noah/shuffl/app/views/pages/results.html.erb:10: unknown regexp option - p
...> cards saved to your wallet</p><a class="button" href="/wal...
...                             ^~
/Users/noah/shuffl/app/views/pages/results.html.erb:10: unknown regexp options - dv
...et">View My Wallet →</a></div>
...                           ^~~~
/Users/noah/shuffl/app/views/pages/results.html.erb:13: unknown regexp options - vw
...safe_append='<!-- END app/views/pages/results.html.erb -->';...
...                         ^~~~~~
/Users/noah/shuffl/app/views/pages/results.html.erb:14: unterminated string meets end of file
          end
             ^
):
  
app/views/pages/results.html.erb:7: unknown regexp options - pa
app/views/pages/results.html.erb:7: syntax error, unexpected '<'
app/views/pages/results.html.erb:7: unknown regexp option - p
app/views/pages/results.html.erb:8: unknown regexp options - pa
app/views/pages/results.html.erb:8: unknown regexp options - dv
app/views/pages/results.html.erb:8: unknown regexp options - trg
app/views/pages/results.html.erb:8: unknown regexp options - dv
app/views/pages/results.html.erb:8: unknown regexp option - h
app/views/pages/results.html.erb:8: unknown regexp options - dv
app/views/pages/results.html.erb:8: unknown regexp options - trg
app/views/pages/results.html.erb:8: unknown regexp options - btt
app/views/pages/results.html.erb:8: unknown regexp options - dv
app/views/pages/results.html.erb:8: unknown regexp options - artcl
app/views/pages/results.html.erb:9: unknown regexp options - dv
app/views/pages/results.html.erb:10: unknown regexp option - p
app/views/pages/results.html.erb:10: unknown regexp options - dv
app/views/pages/results.html.erb:13: unknown regexp options - vw
app/views/pages/results.html.erb:14: unterminated string meets end of file
Started GET "/results?preference=travel&categories[]=dining&credit_band=good&fee=95" for 127.0.0.1 at 2026-09-03 15:50:49 +0100
Processing by PagesController#results as HTML
  Parameters: {"preference"=>"travel", "categories"=>["dining"], "credit_band"=>"good", "fee"=>"95"}
  Rendering layout layouts/application.html.erb
  Rendering pages/results.html.erb within layouts/application
  Rendered pages/results.html.erb within layouts/application (Duration: 2.8ms | GC: 0.0ms)
  Rendered layout layouts/application.html.erb (Duration: 3.0ms | GC: 0.0ms)
Completed 500 Internal Server Error in 11ms (GC: 0.0ms)


  
ActionView::SyntaxErrorInTemplate (Encountered a syntax error while rendering template located at: app/views/pages/results.html.erb)
Caused by: ActiveSupport::SyntaxErrorProxy (/Users/noah/shuffl/app/views/pages/results.html.erb:7: unknown regexp options - pa
...ualFee'] }</b> total fees</span></div><p class="fine-print">...
...                          ^~~~~
/Users/noah/shuffl/app/views/pages/results.html.erb:7: syntax error, unexpected '<'
...lFee'] }</b> total fees</span></div><p class="fine-print">Es...
...                              ^
/Users/noah/shuffl/app/views/pages/results.html.erb:7: unknown regexp option - p
...our actual rewards may vary.</p></aside>
...                             ^~
/Users/noah/shuffl/app/views/pages/results.html.erb:8: unknown regexp options - pa
...><span class="mini-chip"></span><b>'.freeze; @output_buffer....
...                          ^~~~~
/Users/noah/shuffl/app/views/pages/results.html.erb:8: unknown regexp options - dv
...t_buffer.safe_append='</b></div><span class="network">'.free...
...                           ^~~~
/Users/noah/shuffl/app/views/pages/results.html.erb:8: unknown regexp options - trg
...ut_buffer.safe_append='</strong><span>•••• '.freeze;...
...                        ^~~~~~~
/Users/noah/shuffl/app/views/pages/results.html.erb:8: unknown regexp options - dv
...uffer.safe_append='</span></div><div class="card-body"><span...
...                           ^~~~
/Users/noah/shuffl/app/views/pages/results.html.erb:8: unknown regexp option - h
...@output_buffer.safe_append='</h3><p>Best for '.freeze; @outp...
...                             ^~
/Users/noah/shuffl/app/views/pages/results.html.erb:8: unknown regexp options - dv
...utput_buffer.safe_append='</div><div class="reward-line"><sp...
...                           ^~~~
/Users/noah/shuffl/app/views/pages/results.html.erb:8: unknown regexp options - trg
...er.safe_append='× back</strong></div><div class="card-actio...
...                        ^~~~~~~
/Users/noah/shuffl/app/views/pages/results.html.erb:8: unknown regexp options - btt
... type="button">♡ Keep</button><button class="button button...
...                        ^~~~~~~
/Users/noah/shuffl/app/views/pages/results.html.erb:8: unknown regexp options - dv
..."button">↻ Swap</button></div></div></article>'.freeze; en...
...                           ^~~~
/Users/noah/shuffl/app/views/pages/results.html.erb:8: unknown regexp options - artcl
...p</button></div></div></article>'.freeze; end ; @output_buff...
...                       ^~~~~~~~
/Users/noah/shuffl/app/views/pages/results.html.erb:9: unknown regexp options - dv
  </div>
   ^~~~
/Users/noah/shuffl/app/views/pages/results.html.erb:10: unknown regexp option - p
...> cards saved to your wallet</p><a class="button" href="/wal...
...                             ^~
/Users/noah/shuffl/app/views/pages/results.html.erb:10: unknown regexp options - dv
...et">View My Wallet →</a></div>
...                           ^~~~
/Users/noah/shuffl/app/views/pages/results.html.erb:13: unknown regexp options - vw
...safe_append='<!-- END app/views/pages/results.html.erb -->';...
...                         ^~~~~~
/Users/noah/shuffl/app/views/pages/results.html.erb:14: unterminated string meets end of file
          end
             ^
)

Information for: ActionView::SyntaxErrorInTemplate (Encountered a syntax error while rendering template located at: app/views/pages/results.html.erb):
1:    <% content_for :title, "Your matched stack — Shuffl" %>
2:    <%= render "shared/nav" %>
3:    <main class="results shell" data-results data-alternatives='<%= raw @alternatives.to_json %>'>
4:      <div class="result-heading"><div><span class="eyebrow"><span>✦</span> YOUR MATCH IS READY</span><h1>Meet your <em>money stack.</em></h1><p>Three cards. One job each. More rewards, less thinking.</p></div><a href="/questionnaire" class="button button-secondary">↻ Retake quiz</a></div>
5:      <div class="results-layout">
6:        <aside class="match-summary"><div class="summary-icon"><%= @stack['icon'] == 'plane' ? '✈︎' : '✦' %></div><span class="kicker">RECOMMENDED FOR YOU</span><h2><%= @stack['name'] %></h2><p><%= @stack['description'] %></p><div class="summary-stat"><span>Projected annual value</span><strong>$<%= @cards.sum { |c| (c['rewards'].values.max * 62) - c['annualFee'] }.round %><small>/ year</small></strong></div><div class="summary-meta"><span><b><%= @cards.length %></b> cards</span><span><b><%= @cards.sum { |c| c['annualFee'] == 0 ? 0 : c['annualFee'] }</b> total fees</span></div><p class="fine-print">Estimate based on typical monthly spending. Your actual rewards may vary.</p></aside>
7:        <section class="matched-cards" aria-label="Matched cards"><% @cards.each_with_index do |card,index| %><article class="result-card" data-card='<%= raw card.to_json %>'><div class="card-visual tone-<%= index + 1 %>"><div><span class="mini-chip"></span><b><%= card['issuer'] %></b></div><span class="network"><%= card['cardNetwork'] %></span><strong><%= card['name'] %></strong><span>•••• <%= 4829 + index * 813 %></span></div><div class="card-body"><span class="card-role"><%= %w[EVERYDAY SPECIALIST BACKUP][index] %></span><h3><%= card['name'] %></h3><p>Best for <%= card['categories'].first(2).join(' & ') %>, with rewards that fit this stack.</p><div class="tags"><% card['perks'].first(3).each do |perk| %><span><%= perk %></span><% end %></div><div class="reward-line"><span>Top reward</span><strong>+<%= card['rewards'].values.max %>× back</strong></div><div class="card-actions"><button class="button keep-card" type="button">♡ Keep</button><button class="button button-secondary swap-card" type="button">↻ Swap</button></div></div></article><% end %></section>
8:      </div>
9:      <div class="results-footer"><p><span data-kept-count>0</span> cards saved to your wallet</p><a class="button" href="/wallet">View My Wallet →</a></div>
10:    </main>
  
app/views/pages/results.html.erb:7: unknown regexp options - pa
app/views/pages/results.html.erb:7: syntax error, unexpected '<'
app/views/pages/results.html.erb:7: unknown regexp option - p
app/views/pages/results.html.erb:8: unknown regexp options - pa
app/views/pages/results.html.erb:8: unknown regexp options - dv
app/views/pages/results.html.erb:8: unknown regexp options - trg
app/views/pages/results.html.erb:8: unknown regexp options - dv
app/views/pages/results.html.erb:8: unknown regexp option - h
app/views/pages/results.html.erb:8: unknown regexp options - dv
app/views/pages/results.html.erb:8: unknown regexp options - trg
app/views/pages/results.html.erb:8: unknown regexp options - btt
app/views/pages/results.html.erb:8: unknown regexp options - dv
app/views/pages/results.html.erb:8: unknown regexp options - artcl
app/views/pages/results.html.erb:9: unknown regexp options - dv
app/views/pages/results.html.erb:10: unknown regexp option - p
app/views/pages/results.html.erb:10: unknown regexp options - dv
app/views/pages/results.html.erb:13: unknown regexp options - vw
app/views/pages/results.html.erb:14: unterminated string meets end of file

Information for cause: ActiveSupport::SyntaxErrorProxy (/Users/noah/shuffl/app/views/pages/results.html.erb:7: unknown regexp options - pa
...ualFee'] }</b> total fees</span></div><p class="fine-print">...
...                          ^~~~~
/Users/noah/shuffl/app/views/pages/results.html.erb:7: syntax error, unexpected '<'
...lFee'] }</b> total fees</span></div><p class="fine-print">Es...
...                              ^
/Users/noah/shuffl/app/views/pages/results.html.erb:7: unknown regexp option - p
...our actual rewards may vary.</p></aside>
...                             ^~
/Users/noah/shuffl/app/views/pages/results.html.erb:8: unknown regexp options - pa
...><span class="mini-chip"></span><b>'.freeze; @output_buffer....
...                          ^~~~~
/Users/noah/shuffl/app/views/pages/results.html.erb:8: unknown regexp options - dv
...t_buffer.safe_append='</b></div><span class="network">'.free...
...                           ^~~~
/Users/noah/shuffl/app/views/pages/results.html.erb:8: unknown regexp options - trg
...ut_buffer.safe_append='</strong><span>•••• '.freeze;...
...                        ^~~~~~~
/Users/noah/shuffl/app/views/pages/results.html.erb:8: unknown regexp options - dv
...uffer.safe_append='</span></div><div class="card-body"><span...
...                           ^~~~
/Users/noah/shuffl/app/views/pages/results.html.erb:8: unknown regexp option - h
...@output_buffer.safe_append='</h3><p>Best for '.freeze; @outp...
...                             ^~
/Users/noah/shuffl/app/views/pages/results.html.erb:8: unknown regexp options - dv
...utput_buffer.safe_append='</div><div class="reward-line"><sp...
...                           ^~~~
/Users/noah/shuffl/app/views/pages/results.html.erb:8: unknown regexp options - trg
...er.safe_append='× back</strong></div><div class="card-actio...
...                        ^~~~~~~
/Users/noah/shuffl/app/views/pages/results.html.erb:8: unknown regexp options - btt
... type="button">♡ Keep</button><button class="button button...
...                        ^~~~~~~
/Users/noah/shuffl/app/views/pages/results.html.erb:8: unknown regexp options - dv
..."button">↻ Swap</button></div></div></article>'.freeze; en...
...                           ^~~~
/Users/noah/shuffl/app/views/pages/results.html.erb:8: unknown regexp options - artcl
...p</button></div></div></article>'.freeze; end ; @output_buff...
...                       ^~~~~~~~
/Users/noah/shuffl/app/views/pages/results.html.erb:9: unknown regexp options - dv
  </div>
   ^~~~
/Users/noah/shuffl/app/views/pages/results.html.erb:10: unknown regexp option - p
...> cards saved to your wallet</p><a class="button" href="/wal...
...                             ^~
/Users/noah/shuffl/app/views/pages/results.html.erb:10: unknown regexp options - dv
...et">View My Wallet →</a></div>
...                           ^~~~
/Users/noah/shuffl/app/views/pages/results.html.erb:13: unknown regexp options - vw
...safe_append='<!-- END app/views/pages/results.html.erb -->';...
...                         ^~~~~~
/Users/noah/shuffl/app/views/pages/results.html.erb:14: unterminated string meets end of file
          end
             ^
):
  
app/views/pages/results.html.erb:7: unknown regexp options - pa
app/views/pages/results.html.erb:7: syntax error, unexpected '<'
app/views/pages/results.html.erb:7: unknown regexp option - p
app/views/pages/results.html.erb:8: unknown regexp options - pa
app/views/pages/results.html.erb:8: unknown regexp options - dv
app/views/pages/results.html.erb:8: unknown regexp options - trg
app/views/pages/results.html.erb:8: unknown regexp options - dv
app/views/pages/results.html.erb:8: unknown regexp option - h
app/views/pages/results.html.erb:8: unknown regexp options - dv
app/views/pages/results.html.erb:8: unknown regexp options - trg
app/views/pages/results.html.erb:8: unknown regexp options - btt
app/views/pages/results.html.erb:8: unknown regexp options - dv
app/views/pages/results.html.erb:8: unknown regexp options - artcl
app/views/pages/results.html.erb:9: unknown regexp options - dv
app/views/pages/results.html.erb:10: unknown regexp option - p
app/views/pages/results.html.erb:10: unknown regexp options - dv
app/views/pages/results.html.erb:13: unknown regexp options - vw
app/views/pages/results.html.erb:14: unterminated string meets end of file
Started GET "/" for 127.0.0.1 at 2026-09-03 15:51:10 +0100
Processing by PagesController#home as HTML
  Rendering layout layouts/application.html.erb
  Rendering pages/home.html.erb within layouts/application
  Rendered shared/_nav.html.erb (Duration: 0.1ms | GC: 0.0ms)
  Rendered pages/home.html.erb within layouts/application (Duration: 1.0ms | GC: 0.0ms)
  Rendered layout layouts/application.html.erb (Duration: 4.3ms | GC: 0.0ms)
Completed 200 OK in 13ms (Views: 6.2ms | GC: 0.0ms)


Started GET "/questionnaire" for 127.0.0.1 at 2026-09-03 15:51:10 +0100
Processing by PagesController#questionnaire as HTML
  Rendering layout layouts/application.html.erb
  Rendering pages/questionnaire.html.erb within layouts/application
  Rendered shared/_nav.html.erb (Duration: 0.0ms | GC: 0.0ms)
  Rendered pages/questionnaire.html.erb within layouts/application (Duration: 0.5ms | GC: 0.0ms)
  Rendered layout layouts/application.html.erb (Duration: 2.3ms | GC: 0.0ms)
Completed 200 OK in 3ms (Views: 2.6ms | GC: 0.0ms)


Started GET "/results?preference=travel&categories[]=dining&credit_band=good&fee=95" for 127.0.0.1 at 2026-09-03 15:51:10 +0100
Processing by PagesController#results as HTML
  Parameters: {"preference"=>"travel", "categories"=>["dining"], "credit_band"=>"good", "fee"=>"95"}
  Rendering layout layouts/application.html.erb
  Rendering pages/results.html.erb within layouts/application
  Rendered shared/_nav.html.erb (Duration: 0.0ms | GC: 0.0ms)
  Rendered pages/results.html.erb within layouts/application (Duration: 0.6ms | GC: 0.0ms)
  Rendered layout layouts/application.html.erb (Duration: 0.9ms | GC: 0.0ms)
Completed 200 OK in 2ms (Views: 1.1ms | GC: 0.0ms)


Started GET "/results?stack=student" for 127.0.0.1 at 2026-09-03 15:51:10 +0100
Processing by PagesController#results as HTML
  Parameters: {"stack"=>"student"}
  Rendering layout layouts/application.html.erb
  Rendering pages/results.html.erb within layouts/application
  Rendered shared/_nav.html.erb (Duration: 0.0ms | GC: 0.0ms)
  Rendered pages/results.html.erb within layouts/application (Duration: 0.2ms | GC: 0.0ms)
  Rendered layout layouts/application.html.erb (Duration: 0.4ms | GC: 0.0ms)
Completed 200 OK in 1ms (Views: 0.5ms | GC: 0.0ms)


Started GET "/wallet" for 127.0.0.1 at 2026-09-03 15:51:10 +0100
Processing by PagesController#wallet as HTML
  Rendering layout layouts/application.html.erb
  Rendering pages/wallet.html.erb within layouts/application
  Rendered pages/wallet.html.erb within layouts/application (Duration: 0.2ms | GC: 0.0ms)
  Rendered layout layouts/application.html.erb (Duration: 0.7ms | GC: 0.0ms)
Completed 200 OK in 2ms (Views: 1.0ms | GC: 0.0ms)


Started GET "/" for ::1 at 2026-09-03 15:54:06 +0100
Processing by PagesController#home as HTML
  Rendering layout layouts/application.html.erb
  Rendering pages/home.html.erb within layouts/application
  Rendered shared/_nav.html.erb (Duration: 0.1ms | GC: 0.0ms)
  Rendered pages/home.html.erb within layouts/application (Duration: 1.2ms | GC: 0.0ms)
  Rendered layout layouts/application.html.erb (Duration: 5.0ms | GC: 0.0ms)
Completed 200 OK in 14ms (Views: 6.8ms | GC: 0.0ms)


Started GET "/" for ::1 at 2026-09-03 15:54:09 +0100
Processing by PagesController#home as HTML
  Rendering layout layouts/application.html.erb
  Rendering pages/home.html.erb within layouts/application
  Rendered shared/_nav.html.erb (Duration: 0.0ms | GC: 0.0ms)
  Rendered pages/home.html.erb within layouts/application (Duration: 0.3ms | GC: 0.0ms)
  Rendered layout layouts/application.html.erb (Duration: 10.4ms | GC: 0.0ms)
Completed 200 OK in 13ms (Views: 11.2ms | GC: 0.0ms)


Started GET "/questionnaire" for ::1 at 2026-09-03 15:54:12 +0100
Processing by PagesController#questionnaire as HTML
  Rendering layout layouts/application.html.erb
  Rendering pages/questionnaire.html.erb within layouts/application
  Rendered shared/_nav.html.erb (Duration: 0.0ms | GC: 0.0ms)
  Rendered pages/questionnaire.html.erb within layouts/application (Duration: 2.6ms | GC: 0.0ms)
  Rendered layout layouts/application.html.erb (Duration: 5.7ms | GC: 0.0ms)
Completed 200 OK in 12ms (Views: 6.6ms | GC: 0.0ms)


Started GET "/results?preference=cashback&categories%5B%5D=dining&credit_band=excellent&fee=any" for ::1 at 2026-09-03 15:54:25 +0100
Processing by PagesController#results as HTML
  Parameters: {"preference"=>"cashback", "categories"=>["dining"], "credit_band"=>"excellent", "fee"=>"any"}
  Rendering layout layouts/application.html.erb
  Rendering pages/results.html.erb within layouts/application
  Rendered shared/_nav.html.erb (Duration: 0.0ms | GC: 0.0ms)
  Rendered pages/results.html.erb within layouts/application (Duration: 1.7ms | GC: 0.0ms)
  Rendered layout layouts/application.html.erb (Duration: 3.2ms | GC: 0.0ms)
Completed 200 OK in 7ms (Views: 3.8ms | GC: 0.0ms)


Started GET "/" for ::1 at 2026-09-03 15:54:31 +0100
Processing by PagesController#home as HTML
  Rendering layout layouts/application.html.erb
  Rendering pages/home.html.erb within layouts/application
  Rendered shared/_nav.html.erb (Duration: 0.1ms | GC: 0.0ms)
  Rendered pages/home.html.erb within layouts/application (Duration: 0.4ms | GC: 0.0ms)
  Rendered layout layouts/application.html.erb (Duration: 3.1ms | GC: 0.0ms)
Completed 200 OK in 8ms (Views: 4.4ms | GC: 0.0ms)


Started GET "/" for ::1 at 2026-09-03 15:54:32 +0100
Processing by PagesController#home as HTML
  Rendering layout layouts/application.html.erb
  Rendering pages/home.html.erb within layouts/application
  Rendered shared/_nav.html.erb (Duration: 0.0ms | GC: 0.0ms)
  Rendered pages/home.html.erb within layouts/application (Duration: 0.3ms | GC: 0.0ms)
  Rendered layout layouts/application.html.erb (Duration: 2.0ms | GC: 0.0ms)
Completed 200 OK in 9ms (Views: 3.0ms | GC: 0.0ms)


Started GET "/results?stack=student" for ::1 at 2026-09-03 15:55:50 +0100
Processing by PagesController#results as HTML
  Parameters: {"stack"=>"student"}
  Rendering layout layouts/application.html.erb
  Rendering pages/results.html.erb within layouts/application
  Rendered shared/_nav.html.erb (Duration: 0.1ms | GC: 0.0ms)
  Rendered pages/results.html.erb within layouts/application (Duration: 0.8ms | GC: 0.0ms)
  Rendered layout layouts/application.html.erb (Duration: 3.5ms | GC: 0.0ms)
Completed 200 OK in 10ms (Views: 5.1ms | GC: 0.0ms)


Started GET "/questionnaire" for ::1 at 2026-09-03 16:01:59 +0100
Processing by PagesController#questionnaire as HTML
  Rendering layout layouts/application.html.erb
  Rendering pages/questionnaire.html.erb within layouts/application
  Rendered shared/_nav.html.erb (Duration: 0.1ms | GC: 0.0ms)
  Rendered pages/questionnaire.html.erb within layouts/application (Duration: 0.8ms | GC: 0.0ms)
  Rendered layout layouts/application.html.erb (Duration: 8.8ms | GC: 0.0ms)
Completed 200 OK in 14ms (Views: 9.8ms | GC: 0.0ms)


Started GET "/results?preference=cashback&categories%5B%5D=streaming&credit_band=fair&fee=95" for ::1 at 2026-09-03 16:02:12 +0100
Processing by PagesController#results as HTML
  Parameters: {"preference"=>"cashback", "categories"=>["streaming"], "credit_band"=>"fair", "fee"=>"95"}
  Rendering layout layouts/application.html.erb
  Rendering pages/results.html.erb within layouts/application
  Rendered shared/_nav.html.erb (Duration: 0.0ms | GC: 0.0ms)
  Rendered pages/results.html.erb within layouts/application (Duration: 0.5ms | GC: 0.0ms)
  Rendered layout layouts/application.html.erb (Duration: 1.2ms | GC: 0.0ms)
Completed 200 OK in 38ms (Views: 1.6ms | GC: 24.8ms)


Started GET "/" for ::1 at 2026-09-03 16:02:15 +0100
Processing by PagesController#home as HTML
  Rendering layout layouts/application.html.erb
  Rendering pages/home.html.erb within layouts/application
  Rendered shared/_nav.html.erb (Duration: 0.1ms | GC: 0.0ms)
  Rendered pages/home.html.erb within layouts/application (Duration: 0.4ms | GC: 0.0ms)
  Rendered layout layouts/application.html.erb (Duration: 2.3ms | GC: 0.0ms)
Completed 200 OK in 12ms (Views: 3.6ms | GC: 2.7ms)


Started GET "/" for ::1 at 2026-09-03 16:04:01 +0100
Processing by PagesController#home as HTML
  Rendering layout layouts/application.html.erb
  Rendering pages/home.html.erb within layouts/application
  Rendered shared/_nav.html.erb (Duration: 0.1ms | GC: 0.0ms)
  Rendered pages/home.html.erb within layouts/application (Duration: 1.2ms | GC: 0.0ms)
  Rendered layout layouts/application.html.erb (Duration: 5.2ms | GC: 0.2ms)
Completed 200 OK in 10ms (Views: 7.2ms | GC: 0.2ms)


Started GET "/" for ::1 at 2026-09-03 16:04:02 +0100
Processing by PagesController#home as HTML
  Rendering layout layouts/application.html.erb
  Rendering pages/home.html.erb within layouts/application
  Rendered shared/_nav.html.erb (Duration: 0.0ms | GC: 0.0ms)
  Rendered pages/home.html.erb within layouts/application (Duration: 0.3ms | GC: 0.0ms)
  Rendered layout layouts/application.html.erb (Duration: 2.1ms | GC: 0.3ms)
Completed 200 OK in 5ms (Views: 2.7ms | GC: 0.3ms)


Started GET "/questionnaire" for ::1 at 2026-09-03 16:04:07 +0100
Processing by PagesController#questionnaire as HTML
  Rendering layout layouts/application.html.erb
  Rendering pages/questionnaire.html.erb within layouts/application
  Rendered shared/_nav.html.erb (Duration: 0.1ms | GC: 0.0ms)
  Rendered pages/questionnaire.html.erb within layouts/application (Duration: 2.0ms | GC: 0.0ms)
  Rendered layout layouts/application.html.erb (Duration: 7.0ms | GC: 0.0ms)
Completed 200 OK in 12ms (Views: 8.2ms | GC: 0.0ms)


Started GET "/results" for ::1 at 2026-09-03 16:04:08 +0100
Processing by PagesController#results as HTML
  Rendering layout layouts/application.html.erb
  Rendering pages/results.html.erb within layouts/application
  Rendered shared/_nav.html.erb (Duration: 0.0ms | GC: 0.0ms)
  Rendered pages/results.html.erb within layouts/application (Duration: 2.1ms | GC: 0.0ms)
  Rendered layout layouts/application.html.erb (Duration: 4.7ms | GC: 0.0ms)
Completed 200 OK in 10ms (Views: 5.6ms | GC: 0.0ms)


Started GET "/wallet" for ::1 at 2026-09-03 16:04:09 +0100
Processing by PagesController#wallet as HTML
  Rendering layout layouts/application.html.erb
  Rendering pages/wallet.html.erb within layouts/application
  Rendered pages/wallet.html.erb within layouts/application (Duration: 1.0ms | GC: 0.0ms)
  Rendered layout layouts/application.html.erb (Duration: 12.9ms | GC: 0.0ms)
Completed 200 OK in 24ms (Views: 19.6ms | GC: 0.0ms)


Started GET "/" for ::1 at 2026-09-03 16:04:11 +0100
Processing by PagesController#home as HTML
  Rendering layout layouts/application.html.erb
  Rendering pages/home.html.erb within layouts/application
  Rendered shared/_nav.html.erb (Duration: 0.1ms | GC: 0.0ms)
  Rendered pages/home.html.erb within layouts/application (Duration: 3.4ms | GC: 0.0ms)
  Rendered layout layouts/application.html.erb (Duration: 5.8ms | GC: 0.0ms)
Completed 200 OK in 9ms (Views: 6.9ms | GC: 0.0ms)


Started GET "/" for ::1 at 2026-09-03 16:04:12 +0100
Processing by PagesController#home as HTML
  Rendering layout layouts/application.html.erb
  Rendering pages/home.html.erb within layouts/application
  Rendered shared/_nav.html.erb (Duration: 0.0ms | GC: 0.0ms)
  Rendered pages/home.html.erb within layouts/application (Duration: 0.3ms | GC: 0.0ms)
  Rendered layout layouts/application.html.erb (Duration: 2.4ms | GC: 0.0ms)
Completed 200 OK in 4ms (Views: 2.9ms | GC: 0.0ms)


Started GET "/questionnaire" for ::1 at 2026-09-03 16:04:14 +0100
Processing by PagesController#questionnaire as HTML
  Rendering layout layouts/application.html.erb
  Rendering pages/questionnaire.html.erb within layouts/application
  Rendered shared/_nav.html.erb (Duration: 0.0ms | GC: 0.0ms)
  Rendered pages/questionnaire.html.erb within layouts/application (Duration: 0.5ms | GC: 0.0ms)
  Rendered layout layouts/application.html.erb (Duration: 2.5ms | GC: 0.0ms)
Completed 200 OK in 7ms (Views: 3.5ms | GC: 0.0ms)


Started GET "/questionnaire" for ::1 at 2026-09-03 16:04:24 +0100
Processing by PagesController#questionnaire as HTML
  Rendering layout layouts/application.html.erb
  Rendering pages/questionnaire.html.erb within layouts/application
  Rendered shared/_nav.html.erb (Duration: 0.1ms | GC: 0.0ms)
  Rendered pages/questionnaire.html.erb within layouts/application (Duration: 0.4ms | GC: 0.0ms)
  Rendered layout layouts/application.html.erb (Duration: 1.5ms | GC: 0.0ms)
Completed 200 OK in 22ms (Views: 2.0ms | GC: 16.0ms)


Started GET "/questionnaire" for ::1 at 2026-09-03 16:04:33 +0100
Processing by PagesController#questionnaire as HTML
  Rendering layout layouts/application.html.erb
  Rendering pages/questionnaire.html.erb within layouts/application
  Rendered shared/_nav.html.erb (Duration: 0.1ms | GC: 0.0ms)
  Rendered pages/questionnaire.html.erb within layouts/application (Duration: 1.0ms | GC: 0.0ms)
  Rendered layout layouts/application.html.erb (Duration: 8.7ms | GC: 0.0ms)
Completed 200 OK in 28ms (Views: 12.0ms | GC: 0.0ms)


Started GET "/questionnaire" for ::1 at 2026-09-03 16:05:15 +0100
Processing by PagesController#questionnaire as HTML
  Rendering layout layouts/application.html.erb
  Rendering pages/questionnaire.html.erb within layouts/application
  Rendered shared/_nav.html.erb (Duration: 0.1ms | GC: 0.0ms)
  Rendered pages/questionnaire.html.erb within layouts/application (Duration: 1.1ms | GC: 0.0ms)
  Rendered layout layouts/application.html.erb (Duration: 8.3ms | GC: 0.0ms)
Completed 200 OK in 17ms (Views: 9.9ms | GC: 0.0ms)


Started GET "/" for ::1 at 2026-09-03 16:05:16 +0100
Processing by PagesController#home as HTML
  Rendering layout layouts/application.html.erb
  Rendering pages/home.html.erb within layouts/application
  Rendered shared/_nav.html.erb (Duration: 0.1ms | GC: 0.0ms)
  Rendered pages/home.html.erb within layouts/application (Duration: 2.2ms | GC: 0.0ms)
  Rendered layout layouts/application.html.erb (Duration: 3.8ms | GC: 0.0ms)
Completed 200 OK in 7ms (Views: 4.8ms | GC: 0.0ms)


Started GET "/questionnaire" for ::1 at 2026-09-03 16:05:45 +0100
Processing by PagesController#questionnaire as HTML
  Rendering layout layouts/application.html.erb
  Rendering pages/questionnaire.html.erb within layouts/application
  Rendered shared/_nav.html.erb (Duration: 1.0ms | GC: 0.0ms)
  Rendered pages/questionnaire.html.erb within layouts/application (Duration: 5.3ms | GC: 0.0ms)
  Rendered layout layouts/application.html.erb (Duration: 13.4ms | GC: 0.0ms)
Completed 200 OK in 18ms (Views: 14.4ms | GC: 0.0ms)


Started GET "/questionnaire" for ::1 at 2026-09-03 16:05:47 +0100
Processing by PagesController#questionnaire as HTML
  Rendering layout layouts/application.html.erb
  Rendering pages/questionnaire.html.erb within layouts/application
  Rendered shared/_nav.html.erb (Duration: 0.0ms | GC: 0.0ms)
  Rendered pages/questionnaire.html.erb within layouts/application (Duration: 0.4ms | GC: 0.0ms)
  Rendered layout layouts/application.html.erb (Duration: 2.8ms | GC: 0.0ms)
Completed 200 OK in 9ms (Views: 4.6ms | GC: 0.0ms)


Started GET "/questionnaire" for ::1 at 2026-09-03 16:05:48 +0100
Processing by PagesController#questionnaire as HTML
  Rendering layout layouts/application.html.erb
  Rendering pages/questionnaire.html.erb within layouts/application
  Rendered shared/_nav.html.erb (Duration: 0.0ms | GC: 0.0ms)
  Rendered pages/questionnaire.html.erb within layouts/application (Duration: 0.4ms | GC: 0.0ms)
  Rendered layout layouts/application.html.erb (Duration: 2.9ms | GC: 0.0ms)
Completed 200 OK in 7ms (Views: 4.6ms | GC: 0.0ms)


Started GET "/results?preference=travel&categories%5B%5D=groceries&credit_band=good&fee=95" for ::1 at 2026-09-03 16:06:05 +0100
Processing by PagesController#results as HTML
  Parameters: {"preference"=>"travel", "categories"=>["groceries"], "credit_band"=>"good", "fee"=>"95"}
  Rendering layout layouts/application.html.erb
  Rendering pages/results.html.erb within layouts/application
  Rendered shared/_nav.html.erb (Duration: 0.0ms | GC: 0.0ms)
  Rendered pages/results.html.erb within layouts/application (Duration: 1.8ms | GC: 0.0ms)
  Rendered layout layouts/application.html.erb (Duration: 2.9ms | GC: 0.0ms)
Completed 200 OK in 24ms (Views: 3.5ms | GC: 0.0ms)


Started GET "/wallet" for ::1 at 2026-09-03 16:06:20 +0100
Processing by PagesController#wallet as HTML
  Rendering layout layouts/application.html.erb
  Rendering pages/wallet.html.erb within layouts/application
  Rendered pages/wallet.html.erb within layouts/application (Duration: 1.8ms | GC: 0.0ms)
  Rendered layout layouts/application.html.erb (Duration: 10.2ms | GC: 0.0ms)
Completed 200 OK in 16ms (Views: 11.5ms | GC: 0.0ms)


Started GET "/" for ::1 at 2026-09-03 16:06:29 +0100
Processing by PagesController#home as HTML
  Rendering layout layouts/application.html.erb
  Rendering pages/home.html.erb within layouts/application
  Rendered shared/_nav.html.erb (Duration: 0.0ms | GC: 0.0ms)
  Rendered pages/home.html.erb within layouts/application (Duration: 0.3ms | GC: 0.0ms)
  Rendered layout layouts/application.html.erb (Duration: 20.9ms | GC: 19.1ms)
Completed 200 OK in 24ms (Views: 21.5ms | GC: 19.1ms)


Started GET "/wallet" for ::1 at 2026-09-03 16:06:30 +0100
Processing by PagesController#wallet as HTML
  Rendering layout layouts/application.html.erb
  Rendering pages/wallet.html.erb within layouts/application
  Rendered pages/wallet.html.erb within layouts/application (Duration: 0.1ms | GC: 0.0ms)
  Rendered layout layouts/application.html.erb (Duration: 1.3ms | GC: 0.0ms)
Completed 200 OK in 10ms (Views: 2.1ms | GC: 2.5ms)


Started GET "/wallet" for ::1 at 2026-09-03 16:06:31 +0100
Processing by PagesController#wallet as HTML
  Rendering layout layouts/application.html.erb
  Rendering pages/wallet.html.erb within layouts/application
  Rendered pages/wallet.html.erb within layouts/application (Duration: 0.1ms | GC: 0.0ms)
  Rendered layout layouts/application.html.erb (Duration: 3.1ms | GC: 0.9ms)
Completed 200 OK in 6ms (Views: 4.3ms | GC: 0.9ms)


Started GET "/" for ::1 at 2026-09-03 16:06:36 +0100
Processing by PagesController#home as HTML
  Rendering layout layouts/application.html.erb
  Rendering pages/home.html.erb within layouts/application
  Rendered shared/_nav.html.erb (Duration: 0.0ms | GC: 0.0ms)
  Rendered pages/home.html.erb within layouts/application (Duration: 0.4ms | GC: 0.0ms)
  Rendered layout layouts/application.html.erb (Duration: 2.9ms | GC: 0.6ms)
Completed 200 OK in 7ms (Views: 4.1ms | GC: 0.6ms)


Started GET "/questionnaire" for ::1 at 2026-09-03 16:06:36 +0100
Processing by PagesController#questionnaire as HTML
  Rendering layout layouts/application.html.erb
  Rendering pages/questionnaire.html.erb within layouts/application
  Rendered shared/_nav.html.erb (Duration: 0.0ms | GC: 0.0ms)
  Rendered pages/questionnaire.html.erb within layouts/application (Duration: 0.4ms | GC: 0.0ms)
  Rendered layout layouts/application.html.erb (Duration: 2.7ms | GC: 0.5ms)
Completed 200 OK in 8ms (Views: 3.6ms | GC: 0.5ms)


Started GET "/" for ::1 at 2026-09-03 16:06:38 +0100
Processing by PagesController#home as HTML
  Rendering layout layouts/application.html.erb
  Rendering pages/home.html.erb within layouts/application
  Rendered shared/_nav.html.erb (Duration: 0.0ms | GC: 0.0ms)
  Rendered pages/home.html.erb within layouts/application (Duration: 0.5ms | GC: 0.0ms)
  Rendered layout layouts/application.html.erb (Duration: 4.3ms | GC: 1.0ms)
Completed 200 OK in 9ms (Views: 5.5ms | GC: 1.0ms)


Started GET "/results?stack=points-hacker" for ::1 at 2026-09-03 16:06:40 +0100
Processing by PagesController#results as HTML
  Parameters: {"stack"=>"points-hacker"}
  Rendering layout layouts/application.html.erb
  Rendering pages/results.html.erb within layouts/application
  Rendered shared/_nav.html.erb (Duration: 0.0ms | GC: 0.0ms)
  Rendered pages/results.html.erb within layouts/application (Duration: 0.7ms | GC: 0.0ms)
  Rendered layout layouts/application.html.erb (Duration: 2.6ms | GC: 0.0ms)
Completed 200 OK in 9ms (Views: 3.9ms | GC: 0.0ms)


Started GET "/" for ::1 at 2026-09-03 16:06:43 +0100
Processing by PagesController#home as HTML
  Rendering layout layouts/application.html.erb
  Rendering pages/home.html.erb within layouts/application
  Rendered shared/_nav.html.erb (Duration: 0.0ms | GC: 0.0ms)
  Rendered pages/home.html.erb within layouts/application (Duration: 0.4ms | GC: 0.0ms)
  Rendered layout layouts/application.html.erb (Duration: 2.5ms | GC: 0.0ms)
Completed 200 OK in 12ms (Views: 4.1ms | GC: 0.0ms)


Started GET "/results?stack=points-hacker" for ::1 at 2026-09-03 16:07:47 +0100
Processing by PagesController#results as HTML
  Parameters: {"stack"=>"points-hacker"}
  Rendering layout layouts/application.html.erb
  Rendering pages/results.html.erb within layouts/application
  Rendered shared/_nav.html.erb (Duration: 0.2ms | GC: 0.0ms)
  Rendered pages/results.html.erb within layouts/application (Duration: 2.8ms | GC: 0.0ms)
  Rendered layout layouts/application.html.erb (Duration: 9.3ms | GC: 0.0ms)
Completed 200 OK in 16ms (Views: 12.8ms | GC: 0.0ms)


Started GET "/" for ::1 at 2026-09-03 16:08:50 +0100
Processing by PagesController#home as HTML
  Rendering layout layouts/application.html.erb
  Rendering pages/home.html.erb within layouts/application
  Rendered shared/_nav.html.erb (Duration: 0.0ms | GC: 0.0ms)
  Rendered pages/home.html.erb within layouts/application (Duration: 0.3ms | GC: 0.0ms)
  Rendered layout layouts/application.html.erb (Duration: 2.7ms | GC: 0.0ms)
Completed 200 OK in 7ms (Views: 4.1ms | GC: 0.0ms)


Started GET "/" for ::1 at 2026-09-03 16:15:39 +0100
Processing by PagesController#home as HTML
  Rendering layout layouts/application.html.erb
  Rendering pages/home.html.erb within layouts/application
  Rendered shared/_nav.html.erb (Duration: 0.1ms | GC: 0.0ms)
  Rendered pages/home.html.erb within layouts/application (Duration: 0.7ms | GC: 0.0ms)
  Rendered layout layouts/application.html.erb (Duration: 4.5ms | GC: 0.0ms)
Completed 200 OK in 11ms (Views: 6.9ms | GC: 0.0ms)


Started GET "/results?stack=cashback-maximiser" for ::1 at 2026-09-03 16:15:42 +0100
Processing by PagesController#results as HTML
  Parameters: {"stack"=>"cashback-maximiser"}
  Rendering layout layouts/application.html.erb
  Rendering pages/results.html.erb within layouts/application
  Rendered shared/_nav.html.erb (Duration: 0.0ms | GC: 0.0ms)
  Rendered pages/results.html.erb within layouts/application (Duration: 2.3ms | GC: 0.0ms)
  Rendered layout layouts/application.html.erb (Duration: 7.4ms | GC: 0.0ms)
Completed 200 OK in 14ms (Views: 8.9ms | GC: 0.0ms)


Started GET "/" for ::1 at 2026-09-03 16:15:43 +0100
Processing by PagesController#home as HTML
  Rendering layout layouts/application.html.erb
  Rendering pages/home.html.erb within layouts/application
  Rendered shared/_nav.html.erb (Duration: 0.0ms | GC: 0.0ms)
  Rendered pages/home.html.erb within layouts/application (Duration: 0.4ms | GC: 0.0ms)
  Rendered layout layouts/application.html.erb (Duration: 2.4ms | GC: 0.0ms)
Completed 200 OK in 14ms (Views: 3.2ms | GC: 0.0ms)


Started GET "/" for ::1 at 2026-09-03 16:18:14 +0100
Processing by PagesController#home as HTML
  Rendering layout layouts/application.html.erb
  Rendering pages/home.html.erb within layouts/application
  Rendered shared/_nav.html.erb (Duration: 0.1ms | GC: 0.0ms)
  Rendered pages/home.html.erb within layouts/application (Duration: 1.1ms | GC: 0.0ms)
  Rendered layout layouts/application.html.erb (Duration: 9.5ms | GC: 0.0ms)
Completed 200 OK in 21ms (Views: 11.8ms | GC: 0.0ms)


Started GET "/questionnaire" for ::1 at 2026-09-03 16:18:15 +0100
Processing by PagesController#questionnaire as HTML
  Rendering layout layouts/application.html.erb
  Rendering pages/questionnaire.html.erb within layouts/application
  Rendered shared/_nav.html.erb (Duration: 0.1ms | GC: 0.0ms)
  Rendered pages/questionnaire.html.erb within layouts/application (Duration: 6.6ms | GC: 0.0ms)
  Rendered layout layouts/application.html.erb (Duration: 9.4ms | GC: 0.0ms)
Completed 200 OK in 14ms (Views: 10.7ms | GC: 0.0ms)


Started GET "/results?credit_band=good&life_stage=student&income=30k_50k&existing_cards=none&authorized_user=interested&goal=maximize_rewards&preference=points&top_category=dining&categories%5B%5D=travel&categories%5B%5D=groceries&categories%5B%5D=streaming&monthly_spend=2000_4000&foreign_spending=regularly&loyalty_program=avios&perks%5B%5D=lounge&perks%5B%5D=purchase_protection&perks%5B%5D=no_foreign_fee&fee=any&card_network=no_preference&signup_bonus=very&card_count=no_limit" for ::1 at 2026-09-03 16:19:46 +0100
Processing by PagesController#results as HTML
  Parameters: {"credit_band"=>"good", "life_stage"=>"student", "income"=>"30k_50k", "existing_cards"=>"none", "authorized_user"=>"interested", "goal"=>"maximize_rewards", "preference"=>"points", "top_category"=>"dining", "categories"=>["travel", "groceries", "streaming"], "monthly_spend"=>"2000_4000", "foreign_spending"=>"regularly", "loyalty_program"=>"avios", "perks"=>["lounge", "purchase_protection", "no_foreign_fee"], "fee"=>"any", "card_network"=>"no_preference", "signup_bonus"=>"very", "card_count"=>"no_limit"}
  Rendering layout layouts/application.html.erb
  Rendering pages/results.html.erb within layouts/application
  Rendered shared/_nav.html.erb (Duration: 0.0ms | GC: 0.0ms)
  Rendered pages/results.html.erb within layouts/application (Duration: 0.6ms | GC: 0.0ms)
  Rendered layout layouts/application.html.erb (Duration: 1.2ms | GC: 0.0ms)
Completed 200 OK in 18ms (Views: 1.5ms | GC: 0.0ms)


Started GET "/questionnaire" for ::1 at 2026-09-03 16:19:58 +0100
Processing by PagesController#questionnaire as HTML
  Rendering layout layouts/application.html.erb
  Rendering pages/questionnaire.html.erb within layouts/application
  Rendered shared/_nav.html.erb (Duration: 0.0ms | GC: 0.0ms)
  Rendered pages/questionnaire.html.erb within layouts/application (Duration: 0.3ms | GC: 0.0ms)
  Rendered layout layouts/application.html.erb (Duration: 1.2ms | GC: 0.0ms)
Completed 200 OK in 9ms (Views: 2.4ms | GC: 0.0ms)


Started GET "/questionnaire" for ::1 at 2026-09-03 16:22:07 +0100
Processing by PagesController#questionnaire as HTML
  Rendering layout layouts/application.html.erb
  Rendering pages/questionnaire.html.erb within layouts/application
  Rendered shared/_nav.html.erb (Duration: 0.2ms | GC: 0.0ms)
  Rendered pages/questionnaire.html.erb within layouts/application (Duration: 4.4ms | GC: 1.3ms)
  Rendered layout layouts/application.html.erb (Duration: 7.7ms | GC: 2.0ms)
Completed 200 OK in 30ms (Views: 28.2ms | GC: 20.3ms)


Started GET "/results?credit_band=fair&life_stage=professional&income=15k_30k&existing_cards=none&authorized_user=no&goal=build_credit&preference=travel&top_category=travel&categories%5B%5D=travel&monthly_spend=2000_4000&foreign_spending=occasionally&loyalty_program=skyways&perks%5B%5D=travel_insurance&perks%5B%5D=phone_protection&perks%5B%5D=no_foreign_fee&fee=medium&card_network=visa&signup_bonus=nice&card_count=no_limit" for ::1 at 2026-09-03 16:22:37 +0100
Processing by PagesController#results as HTML
  Parameters: {"credit_band"=>"fair", "life_stage"=>"professional", "income"=>"15k_30k", "existing_cards"=>"none", "authorized_user"=>"no", "goal"=>"build_credit", "preference"=>"travel", "top_category"=>"travel", "categories"=>["travel"], "monthly_spend"=>"2000_4000", "foreign_spending"=>"occasionally", "loyalty_program"=>"skyways", "perks"=>["travel_insurance", "phone_protection", "no_foreign_fee"], "fee"=>"medium", "card_network"=>"visa", "signup_bonus"=>"nice", "card_count"=>"no_limit"}
  Rendering layout layouts/application.html.erb
  Rendering pages/results.html.erb within layouts/application
  Rendered shared/_nav.html.erb (Duration: 0.0ms | GC: 0.0ms)
  Rendered pages/results.html.erb within layouts/application (Duration: 1.4ms | GC: 0.0ms)
  Rendered layout layouts/application.html.erb (Duration: 3.0ms | GC: 0.3ms)
Completed 200 OK in 8ms (Views: 3.7ms | GC: 0.3ms)


Started GET "/" for ::1 at 2026-09-03 16:22:40 +0100
Processing by PagesController#home as HTML
  Rendering layout layouts/application.html.erb
  Rendering pages/home.html.erb within layouts/application
  Rendered shared/_nav.html.erb (Duration: 0.0ms | GC: 0.0ms)
  Rendered pages/home.html.erb within layouts/application (Duration: 1.0ms | GC: 0.0ms)
  Rendered layout layouts/application.html.erb (Duration: 3.4ms | GC: 0.5ms)
Completed 200 OK in 6ms (Views: 4.2ms | GC: 0.5ms)


Started GET "/results" for ::1 at 2026-09-03 16:25:12 +0100
Processing by PagesController#results as HTML
  Rendering layout layouts/application.html.erb
  Rendering pages/results.html.erb within layouts/application
  Rendered shared/_nav.html.erb (Duration: 0.0ms | GC: 0.0ms)
  Rendered pages/results.html.erb within layouts/application (Duration: 0.4ms | GC: 0.0ms)
  Rendered layout layouts/application.html.erb (Duration: 3.3ms | GC: 1.2ms)
Completed 200 OK in 10ms (Views: 4.0ms | GC: 1.2ms)


Started GET "/" for ::1 at 2026-09-03 16:25:14 +0100
Processing by PagesController#home as HTML
  Rendering layout layouts/application.html.erb
  Rendering pages/home.html.erb within layouts/application
  Rendered shared/_nav.html.erb (Duration: 0.0ms | GC: 0.0ms)
  Rendered pages/home.html.erb within layouts/application (Duration: 0.4ms | GC: 0.0ms)
  Rendered layout layouts/application.html.erb (Duration: 2.9ms | GC: 0.3ms)
Completed 200 OK in 7ms (Views: 4.5ms | GC: 0.3ms)


Started GET "/" for ::1 at 2026-09-03 16:25:16 +0100
Processing by PagesController#home as HTML
  Rendering layout layouts/application.html.erb
  Rendering pages/home.html.erb within layouts/application
  Rendered shared/_nav.html.erb (Duration: 0.0ms | GC: 0.0ms)
  Rendered pages/home.html.erb within layouts/application (Duration: 0.4ms | GC: 0.0ms)
  Rendered layout layouts/application.html.erb (Duration: 2.4ms | GC: 0.0ms)
Completed 200 OK in 6ms (Views: 3.4ms | GC: 0.0ms)


Started GET "/results?stack=cashback-maximiser" for ::1 at 2026-09-03 16:25:18 +0100
Processing by PagesController#results as HTML
  Parameters: {"stack"=>"cashback-maximiser"}
  Rendering layout layouts/application.html.erb
  Rendering pages/results.html.erb within layouts/application
  Rendered shared/_nav.html.erb (Duration: 0.0ms | GC: 0.0ms)
  Rendered pages/results.html.erb within layouts/application (Duration: 0.7ms | GC: 0.0ms)
  Rendered layout layouts/application.html.erb (Duration: 2.6ms | GC: 0.0ms)
Completed 200 OK in 9ms (Views: 3.8ms | GC: 0.0ms)


Started GET "/results?stack=points-hacker" for ::1 at 2026-09-03 16:25:18 +0100
Processing by PagesController#results as HTML
  Parameters: {"stack"=>"points-hacker"}
  Rendering layout layouts/application.html.erb
  Rendering pages/results.html.erb within layouts/application
  Rendered shared/_nav.html.erb (Duration: 0.0ms | GC: 0.0ms)
  Rendered pages/results.html.erb within layouts/application (Duration: 0.9ms | GC: 0.0ms)
  Rendered layout layouts/application.html.erb (Duration: 3.5ms | GC: 0.0ms)
Completed 200 OK in 11ms (Views: 4.4ms | GC: 0.0ms)


Started GET "/" for ::1 at 2026-09-03 16:25:20 +0100
Processing by PagesController#home as HTML
  Rendering layout layouts/application.html.erb
  Rendering pages/home.html.erb within layouts/application
  Rendered shared/_nav.html.erb (Duration: 0.0ms | GC: 0.0ms)
  Rendered pages/home.html.erb within layouts/application (Duration: 0.3ms | GC: 0.0ms)
  Rendered layout layouts/application.html.erb (Duration: 4.5ms | GC: 0.0ms)
Completed 200 OK in 11ms (Views: 5.4ms | GC: 0.0ms)


Started GET "/questionnaire" for ::1 at 2026-09-03 16:25:22 +0100
Processing by PagesController#questionnaire as HTML
  Rendering layout layouts/application.html.erb
  Rendering pages/questionnaire.html.erb within layouts/application
  Rendered shared/_nav.html.erb (Duration: 0.0ms | GC: 0.0ms)
  Rendered pages/questionnaire.html.erb within layouts/application (Duration: 0.6ms | GC: 0.0ms)
  Rendered layout layouts/application.html.erb (Duration: 1.8ms | GC: 0.0ms)
Completed 200 OK in 7ms (Views: 2.6ms | GC: 0.0ms)


Started GET "/" for ::1 at 2026-09-03 16:27:25 +0100
Processing by PagesController#home as HTML
  Rendering layout layouts/application.html.erb
  Rendering pages/home.html.erb within layouts/application
  Rendered shared/_nav.html.erb (Duration: 0.1ms | GC: 0.0ms)
  Rendered pages/home.html.erb within layouts/application (Duration: 1.1ms | GC: 0.0ms)
  Rendered layout layouts/application.html.erb (Duration: 9.1ms | GC: 0.0ms)
Completed 200 OK in 22ms (Views: 11.6ms | GC: 0.0ms)


Started GET "/questionnaire" for ::1 at 2026-09-03 16:27:26 +0100
Processing by PagesController#questionnaire as HTML
  Rendering layout layouts/application.html.erb
  Rendering pages/questionnaire.html.erb within layouts/application
  Rendered shared/_nav.html.erb (Duration: 0.0ms | GC: 0.0ms)
  Rendered pages/questionnaire.html.erb within layouts/application (Duration: 5.5ms | GC: 0.0ms)
  Rendered layout layouts/application.html.erb (Duration: 7.4ms | GC: 0.0ms)
Completed 200 OK in 14ms (Views: 8.4ms | GC: 0.0ms)


Started GET "/" for ::1 at 2026-09-03 16:27:28 +0100
Processing by PagesController#home as HTML
  Rendering layout layouts/application.html.erb
  Rendering pages/home.html.erb within layouts/application
  Rendered shared/_nav.html.erb (Duration: 0.1ms | GC: 0.0ms)
  Rendered pages/home.html.erb within layouts/application (Duration: 0.4ms | GC: 0.0ms)
  Rendered layout layouts/application.html.erb (Duration: 7.4ms | GC: 0.0ms)
Completed 200 OK in 11ms (Views: 8.5ms | GC: 0.0ms)


Started GET "/" for ::1 at 2026-09-03 16:38:31 +0100
Processing by PagesController#home as HTML
  Rendering layout layouts/application.html.erb
  Rendering pages/home.html.erb within layouts/application
  Rendered shared/_nav.html.erb (Duration: 0.1ms | GC: 0.0ms)
  Rendered pages/home.html.erb within layouts/application (Duration: 1.4ms | GC: 0.0ms)
  Rendered shared/_chat_widget.html.erb (Duration: 0.2ms | GC: 0.0ms)
  Rendered layout layouts/application.html.erb (Duration: 10.3ms | GC: 0.0ms)
Completed 200 OK in 24ms (Views: 12.8ms | GC: 0.0ms)


Started POST "/chat" for ::1 at 2026-09-03 16:38:46 +0100
Processing by ChatController#create as */*
  Parameters: {"message"=>"what is the best card for dining cashback", "history"=>[{"role"=>"user", "content"=>"what is the best card for dining cashback"}], "chat"=>{"message"=>"what is the best card for dining cashback", "history"=>[{"role"=>"user", "content"=>"what is the best card for dining cashback"}]}}
Completed 200 OK in 2ms (Views: 0.2ms | GC: 0.0ms)


Started POST "/chat" for ::1 at 2026-09-03 16:38:57 +0100
Processing by ChatController#create as */*
  Parameters: {"message"=>"i want cashback specifically for dining", "history"=>[{"role"=>"user", "content"=>"what is the best card for dining cashback"}, {"role"=>"assistant", "content"=>"For cashback, check out **Everyday Double** (2× top rate, $0/yr), **Game On** (4× top rate, $0/yr), **Creator Cash** (5× top rate, $0/yr). Any of these catch your eye?"}, {"role"=>"user", "content"=>"i want cashback specifically for dining"}], "chat"=>{"message"=>"i want cashback specifically for dining", "history"=>[{"role"=>"user", "content"=>"what is the best card for dining cashback"}, {"role"=>"assistant", "content"=>"For cashback, check out **Everyday Double** (2× top rate, $0/yr), **Game On** (4× top rate, $0/yr), **Creator Cash** (5× top rate, $0/yr). Any of these catch your eye?"}, {"role"=>"user", "content"=>"i want cashback specifically for dining"}]}}
Completed 200 OK in 4ms (Views: 0.2ms | GC: 0.0ms)


Started GET "/" for ::1 at 2026-09-03 16:40:48 +0100
Processing by PagesController#home as HTML
  Rendering layout layouts/application.html.erb
  Rendering pages/home.html.erb within layouts/application
  Rendered shared/_nav.html.erb (Duration: 0.0ms | GC: 0.0ms)
  Rendered pages/home.html.erb within layouts/application (Duration: 0.6ms | GC: 0.0ms)
  Rendered shared/_chat_widget.html.erb (Duration: 0.0ms | GC: 0.0ms)
  Rendered layout layouts/application.html.erb (Duration: 6.6ms | GC: 0.0ms)
Completed 200 OK in 10ms (Views: 7.3ms | GC: 0.0ms)


Started GET "/" for ::1 at 2026-09-03 16:40:59 +0100
Processing by PagesController#home as HTML
  Rendering layout layouts/application.html.erb
  Rendering pages/home.html.erb within layouts/application
  Rendered shared/_nav.html.erb (Duration: 0.1ms | GC: 0.0ms)
  Rendered pages/home.html.erb within layouts/application (Duration: 0.6ms | GC: 0.0ms)
  Rendered shared/_chat_widget.html.erb (Duration: 0.2ms | GC: 0.0ms)
  Rendered layout layouts/application.html.erb (Duration: 7.2ms | GC: 0.0ms)
Completed 200 OK in 18ms (Views: 9.4ms | GC: 0.0ms)


Started GET "/" for ::1 at 2026-09-03 16:41:00 +0100
Processing by PagesController#home as HTML
  Rendering layout layouts/application.html.erb
  Rendering pages/home.html.erb within layouts/application
  Rendered shared/_nav.html.erb (Duration: 0.0ms | GC: 0.0ms)
  Rendered pages/home.html.erb within layouts/application (Duration: 0.3ms | GC: 0.0ms)
  Rendered shared/_chat_widget.html.erb (Duration: 0.0ms | GC: 0.0ms)
  Rendered layout layouts/application.html.erb (Duration: 2.4ms | GC: 0.0ms)
Completed 200 OK in 7ms (Views: 3.4ms | GC: 0.0ms)


Started GET "/" for ::1 at 2026-09-03 16:42:51 +0100
Processing by PagesController#home as HTML
  Rendering layout layouts/application.html.erb
  Rendering pages/home.html.erb within layouts/application
  Rendered shared/_nav.html.erb (Duration: 0.1ms | GC: 0.0ms)
  Rendered pages/home.html.erb within layouts/application (Duration: 0.9ms | GC: 0.0ms)
  Rendered shared/_chat_widget.html.erb (Duration: 0.2ms | GC: 0.0ms)
  Rendered layout layouts/application.html.erb (Duration: 8.6ms | GC: 0.0ms)
Completed 200 OK in 20ms (Views: 10.9ms | GC: 0.0ms)


Started GET "/results?stack=cashback-maximiser" for ::1 at 2026-09-03 16:43:00 +0100
Processing by PagesController#results as HTML
  Parameters: {"stack"=>"cashback-maximiser"}
  Rendering layout layouts/application.html.erb
  Rendering pages/results.html.erb within layouts/application
  Rendered shared/_nav.html.erb (Duration: 0.1ms | GC: 0.0ms)
  Rendered pages/results.html.erb within layouts/application (Duration: 2.4ms | GC: 0.0ms)
  Rendered shared/_chat_widget.html.erb (Duration: 0.0ms | GC: 0.0ms)
  Rendered layout layouts/application.html.erb (Duration: 6.3ms | GC: 0.0ms)
Completed 200 OK in 12ms (Views: 7.2ms | GC: 0.0ms)


Started GET "/questionnaire" for ::1 at 2026-09-03 16:43:33 +0100
Processing by PagesController#questionnaire as HTML
  Rendering layout layouts/application.html.erb
  Rendering pages/questionnaire.html.erb within layouts/application
  Rendered shared/_nav.html.erb (Duration: 0.0ms | GC: 0.0ms)
  Rendered pages/questionnaire.html.erb within layouts/application (Duration: 3.6ms | GC: 0.0ms)
  Rendered shared/_chat_widget.html.erb (Duration: 0.0ms | GC: 0.0ms)
  Rendered layout layouts/application.html.erb (Duration: 10.4ms | GC: 0.0ms)
Completed 200 OK in 17ms (Views: 11.3ms | GC: 0.0ms)


Started GET "/" for ::1 at 2026-09-03 16:43:34 +0100
Processing by PagesController#home as HTML
  Rendering layout layouts/application.html.erb
  Rendering pages/home.html.erb within layouts/application
  Rendered shared/_nav.html.erb (Duration: 0.0ms | GC: 0.0ms)
  Rendered pages/home.html.erb within layouts/application (Duration: 0.5ms | GC: 0.0ms)
  Rendered shared/_chat_widget.html.erb (Duration: 0.0ms | GC: 0.0ms)
  Rendered layout layouts/application.html.erb (Duration: 2.8ms | GC: 0.0ms)
Completed 200 OK in 6ms (Views: 3.5ms | GC: 0.0ms)


Started GET "/" for ::1 at 2026-09-03 16:46:42 +0100
Processing by PagesController#home as HTML
  Rendering layout layouts/application.html.erb
  Rendering pages/home.html.erb within layouts/application
  Rendered shared/_nav.html.erb (Duration: 0.1ms | GC: 0.0ms)
  Rendered pages/home.html.erb within layouts/application (Duration: 0.5ms | GC: 0.0ms)
  Rendered shared/_chat_widget.html.erb (Duration: 0.0ms | GC: 0.0ms)
  Rendered layout layouts/application.html.erb (Duration: 4.8ms | GC: 0.0ms)
Completed 200 OK in 13ms (Views: 5.9ms | GC: 0.0ms)


Started GET "/" for ::1 at 2026-09-03 16:47:21 +0100
Processing by PagesController#home as HTML
  Rendering layout layouts/application.html.erb
  Rendering pages/home.html.erb within layouts/application
  Rendered shared/_nav.html.erb (Duration: 0.1ms | GC: 0.0ms)
  Rendered pages/home.html.erb within layouts/application (Duration: 0.4ms | GC: 0.0ms)
  Rendered shared/_chat_widget.html.erb (Duration: 0.0ms | GC: 0.0ms)
  Rendered layout layouts/application.html.erb (Duration: 6.0ms | GC: 0.0ms)
Completed 200 OK in 9ms (Views: 6.7ms | GC: 0.0ms)


Started GET "/questionnaire" for ::1 at 2026-09-03 16:49:33 +0100
Processing by PagesController#questionnaire as HTML
  Rendering layout layouts/application.html.erb
  Rendering pages/questionnaire.html.erb within layouts/application
  Rendered shared/_nav.html.erb (Duration: 0.1ms | GC: 0.0ms)
  Rendered pages/questionnaire.html.erb within layouts/application (Duration: 1.5ms | GC: 0.0ms)
  Rendered shared/_chat_widget.html.erb (Duration: 0.0ms | GC: 0.0ms)
  Rendered layout layouts/application.html.erb (Duration: 6.5ms | GC: 0.0ms)
Completed 200 OK in 43ms (Views: 7.9ms | GC: 25.0ms)


Started GET "/wallet" for ::1 at 2026-09-03 16:49:34 +0100
Processing by PagesController#wallet as HTML
  Rendering layout layouts/application.html.erb
  Rendering pages/wallet.html.erb within layouts/application
  Rendered pages/wallet.html.erb within layouts/application (Duration: 2.2ms | GC: 0.0ms)
  Rendered shared/_chat_widget.html.erb (Duration: 0.0ms | GC: 0.0ms)
  Rendered layout layouts/application.html.erb (Duration: 5.7ms | GC: 1.2ms)
Completed 200 OK in 12ms (Views: 6.4ms | GC: 3.3ms)


Started GET "/" for ::1 at 2026-09-03 16:49:37 +0100
Processing by PagesController#home as HTML
  Rendering layout layouts/application.html.erb
  Rendering pages/home.html.erb within layouts/application
  Rendered shared/_nav.html.erb (Duration: 0.0ms | GC: 0.0ms)
  Rendered pages/home.html.erb within layouts/application (Duration: 0.3ms | GC: 0.0ms)
  Rendered shared/_chat_widget.html.erb (Duration: 0.0ms | GC: 0.0ms)
  Rendered layout layouts/application.html.erb (Duration: 4.8ms | GC: 0.6ms)
Completed 200 OK in 8ms (Views: 5.6ms | GC: 0.6ms)


Started GET "/results?stack=points-hacker" for ::1 at 2026-09-03 16:53:41 +0100
Processing by PagesController#results as HTML
  Parameters: {"stack"=>"points-hacker"}
  Rendering layout layouts/application.html.erb
  Rendering pages/results.html.erb within layouts/application
  Rendered shared/_nav.html.erb (Duration: 0.2ms | GC: 0.0ms)
  Rendered pages/results.html.erb within layouts/application (Duration: 8.0ms | GC: 0.0ms)
  Rendered shared/_chat_widget.html.erb (Duration: 0.2ms | GC: 0.0ms)
  Rendered layout layouts/application.html.erb (Duration: 18.3ms | GC: 0.2ms)
Completed 200 OK in 25ms (Views: 20.9ms | GC: 0.5ms)


Started GET "/results?stack=everyday" for ::1 at 2026-09-03 16:53:41 +0100
Processing by PagesController#results as HTML
  Parameters: {"stack"=>"everyday"}
  Rendering layout layouts/application.html.erb
  Rendering pages/results.html.erb within layouts/application
  Rendered shared/_nav.html.erb (Duration: 0.0ms | GC: 0.0ms)
  Rendered pages/results.html.erb within layouts/application (Duration: 0.8ms | GC: 0.0ms)
  Rendered shared/_chat_widget.html.erb (Duration: 0.0ms | GC: 0.0ms)
  Rendered layout layouts/application.html.erb (Duration: 4.2ms | GC: 0.5ms)
Completed 200 OK in 9ms (Views: 5.3ms | GC: 0.5ms)


Started GET "/results?stack=student" for ::1 at 2026-09-03 16:53:49 +0100
Processing by PagesController#results as HTML
  Parameters: {"stack"=>"student"}
  Rendering layout layouts/application.html.erb
  Rendering pages/results.html.erb within layouts/application
  Rendered shared/_nav.html.erb (Duration: 0.1ms | GC: 0.0ms)
  Rendered pages/results.html.erb within layouts/application (Duration: 1.5ms | GC: 0.0ms)
  Rendered shared/_chat_widget.html.erb (Duration: 0.1ms | GC: 0.0ms)
  Rendered layout layouts/application.html.erb (Duration: 6.6ms | GC: 0.0ms)
Completed 200 OK in 11ms (Views: 7.6ms | GC: 0.0ms)


Started GET "/results?stack=traveller" for ::1 at 2026-09-03 16:53:49 +0100
Processing by PagesController#results as HTML
  Parameters: {"stack"=>"traveller"}
  Rendering layout layouts/application.html.erb
  Rendering pages/results.html.erb within layouts/application
  Rendered shared/_nav.html.erb (Duration: 0.0ms | GC: 0.0ms)
  Rendered pages/results.html.erb within layouts/application (Duration: 0.9ms | GC: 0.0ms)
  Rendered shared/_chat_widget.html.erb (Duration: 0.1ms | GC: 0.0ms)
  Rendered layout layouts/application.html.erb (Duration: 5.6ms | GC: 0.0ms)
Completed 200 OK in 13ms (Views: 6.6ms | GC: 0.0ms)


Started GET "/" for ::1 at 2026-09-03 16:58:48 +0100
Processing by PagesController#home as HTML
  Rendering layout layouts/application.html.erb
  Rendering pages/home.html.erb within layouts/application
  Rendered shared/_nav.html.erb (Duration: 0.1ms | GC: 0.0ms)
  Rendered pages/home.html.erb within layouts/application (Duration: 0.8ms | GC: 0.0ms)
  Rendered shared/_chat_widget.html.erb (Duration: 0.2ms | GC: 0.0ms)
  Rendered layout layouts/application.html.erb (Duration: 8.5ms | GC: 0.0ms)
Completed 200 OK in 20ms (Views: 10.8ms | GC: 0.0ms)


Started GET "/wallet" for ::1 at 2026-09-03 16:58:49 +0100
Processing by PagesController#wallet as HTML
  Rendering layout layouts/application.html.erb
  Rendering pages/wallet.html.erb within layouts/application
  Rendered shared/_nav.html.erb (Duration: 0.1ms | GC: 0.0ms)
  Rendered pages/wallet.html.erb within layouts/application (Duration: 2.1ms | GC: 0.0ms)
  Rendered shared/_chat_widget.html.erb (Duration: 0.0ms | GC: 0.0ms)
  Rendered layout layouts/application.html.erb (Duration: 4.2ms | GC: 0.0ms)
Completed 200 OK in 9ms (Views: 5.1ms | GC: 0.0ms)


Started GET "/questionnaire" for ::1 at 2026-09-03 16:58:56 +0100
Processing by PagesController#questionnaire as HTML
  Rendering layout layouts/application.html.erb
  Rendering pages/questionnaire.html.erb within layouts/application
  Rendered shared/_nav.html.erb (Duration: 0.0ms | GC: 0.0ms)
  Rendered pages/questionnaire.html.erb within layouts/application (Duration: 5.0ms | GC: 0.0ms)
  Rendered shared/_chat_widget.html.erb (Duration: 0.0ms | GC: 0.0ms)
  Rendered layout layouts/application.html.erb (Duration: 7.2ms | GC: 0.0ms)
Completed 200 OK in 10ms (Views: 7.9ms | GC: 0.0ms)


Started GET "/results" for ::1 at 2026-09-03 17:00:35 +0100
Processing by PagesController#results as HTML
  Rendering layout layouts/application.html.erb
  Rendering pages/results.html.erb within layouts/application
  Rendered shared/_nav.html.erb (Duration: 0.0ms | GC: 0.0ms)
  Rendered pages/results.html.erb within layouts/application (Duration: 1.1ms | GC: 0.0ms)
  Rendered shared/_chat_widget.html.erb (Duration: 0.0ms | GC: 0.0ms)
  Rendered layout layouts/application.html.erb (Duration: 7.0ms | GC: 0.0ms)
Completed 200 OK in 33ms (Views: 7.6ms | GC: 0.0ms)


Started GET "/questionnaire" for ::1 at 2026-09-03 17:00:36 +0100
Processing by PagesController#questionnaire as HTML
  Rendering layout layouts/application.html.erb
  Rendering pages/questionnaire.html.erb within layouts/application
  Rendered shared/_nav.html.erb (Duration: 0.0ms | GC: 0.0ms)
  Rendered pages/questionnaire.html.erb within layouts/application (Duration: 1.0ms | GC: 0.0ms)
  Rendered shared/_chat_widget.html.erb (Duration: 0.1ms | GC: 0.0ms)
  Rendered layout layouts/application.html.erb (Duration: 4.1ms | GC: 0.0ms)
Completed 200 OK in 7ms (Views: 4.9ms | GC: 0.0ms)


Started GET "/wallet" for ::1 at 2026-09-03 17:00:38 +0100
Processing by PagesController#wallet as HTML
  Rendering layout layouts/application.html.erb
  Rendering pages/wallet.html.erb within layouts/application
  Rendered shared/_nav.html.erb (Duration: 0.3ms | GC: 0.0ms)
  Rendered pages/wallet.html.erb within layouts/application (Duration: 1.4ms | GC: 0.0ms)
  Rendered shared/_chat_widget.html.erb (Duration: 0.0ms | GC: 0.0ms)
  Rendered layout layouts/application.html.erb (Duration: 4.3ms | GC: 0.0ms)
Completed 200 OK in 8ms (Views: 5.2ms | GC: 0.0ms)


Started GET "/wallet" for ::1 at 2026-09-03 17:01:09 +0100
Processing by PagesController#wallet as HTML
  Rendering layout layouts/application.html.erb
  Rendering pages/wallet.html.erb within layouts/application
  Rendered shared/_nav.html.erb (Duration: 0.0ms | GC: 0.0ms)
  Rendered pages/wallet.html.erb within layouts/application (Duration: 0.1ms | GC: 0.0ms)
  Rendered shared/_chat_widget.html.erb (Duration: 0.0ms | GC: 0.0ms)
  Rendered layout layouts/application.html.erb (Duration: 0.8ms | GC: 0.0ms)
Completed 200 OK in 3ms (Views: 1.0ms | GC: 0.8ms)


Started GET "/results" for ::1 at 2026-09-03 17:01:26 +0100
Processing by PagesController#results as HTML
  Rendering layout layouts/application.html.erb
  Rendering pages/results.html.erb within layouts/application
  Rendered shared/_nav.html.erb (Duration: 0.0ms | GC: 0.0ms)
  Rendered pages/results.html.erb within layouts/application (Duration: 0.8ms | GC: 0.0ms)
  Rendered shared/_chat_widget.html.erb (Duration: 0.1ms | GC: 0.0ms)
  Rendered layout layouts/application.html.erb (Duration: 7.7ms | GC: 0.9ms)
Completed 200 OK in 15ms (Views: 8.3ms | GC: 2.2ms)


Started GET "/questionnaire" for ::1 at 2026-09-03 17:01:27 +0100
Processing by PagesController#questionnaire as HTML
  Rendering layout layouts/application.html.erb
  Rendering pages/questionnaire.html.erb within layouts/application
  Rendered shared/_nav.html.erb (Duration: 0.0ms | GC: 0.0ms)
  Rendered pages/questionnaire.html.erb within layouts/application (Duration: 0.6ms | GC: 0.0ms)
  Rendered shared/_chat_widget.html.erb (Duration: 0.0ms | GC: 0.0ms)
  Rendered layout layouts/application.html.erb (Duration: 3.2ms | GC: 0.6ms)
Completed 200 OK in 8ms (Views: 4.0ms | GC: 0.6ms)


Started GET "/" for ::1 at 2026-09-03 17:01:28 +0100
Processing by PagesController#home as HTML
  Rendering layout layouts/application.html.erb
  Rendering pages/home.html.erb within layouts/application
  Rendered shared/_nav.html.erb (Duration: 0.0ms | GC: 0.0ms)
  Rendered pages/home.html.erb within layouts/application (Duration: 0.3ms | GC: 0.0ms)
  Rendered shared/_chat_widget.html.erb (Duration: 0.0ms | GC: 0.0ms)
  Rendered layout layouts/application.html.erb (Duration: 2.9ms | GC: 0.5ms)
Completed 200 OK in 6ms (Views: 3.6ms | GC: 0.8ms)


Started GET "/results?stack=student" for ::1 at 2026-09-03 17:01:29 +0100
Processing by PagesController#results as HTML
  Parameters: {"stack"=>"student"}
  Rendering layout layouts/application.html.erb
  Rendering pages/results.html.erb within layouts/application
  Rendered shared/_nav.html.erb (Duration: 0.0ms | GC: 0.0ms)
  Rendered pages/results.html.erb within layouts/application (Duration: 0.5ms | GC: 0.0ms)
  Rendered shared/_chat_widget.html.erb (Duration: 0.0ms | GC: 0.0ms)
  Rendered layout layouts/application.html.erb (Duration: 2.4ms | GC: 0.4ms)
Completed 200 OK in 9ms (Views: 6.1ms | GC: 0.4ms)


Started GET "/wallet" for ::1 at 2026-09-03 17:01:33 +0100
Processing by PagesController#wallet as HTML
  Rendering layout layouts/application.html.erb
  Rendering pages/wallet.html.erb within layouts/application
  Rendered shared/_nav.html.erb (Duration: 0.0ms | GC: 0.0ms)
  Rendered pages/wallet.html.erb within layouts/application (Duration: 0.2ms | GC: 0.0ms)
  Rendered shared/_chat_widget.html.erb (Duration: 0.0ms | GC: 0.0ms)
  Rendered layout layouts/application.html.erb (Duration: 1.6ms | GC: 0.0ms)
Completed 200 OK in 5ms (Views: 2.8ms | GC: 0.0ms)


Started GET "/wallet" for ::1 at 2026-09-03 17:01:34 +0100
Processing by PagesController#wallet as HTML
  Rendering layout layouts/application.html.erb
  Rendering pages/wallet.html.erb within layouts/application
  Rendered shared/_nav.html.erb (Duration: 0.0ms | GC: 0.0ms)
  Rendered pages/wallet.html.erb within layouts/application (Duration: 0.6ms | GC: 0.0ms)
  Rendered shared/_chat_widget.html.erb (Duration: 0.1ms | GC: 0.0ms)
  Rendered layout layouts/application.html.erb (Duration: 4.8ms | GC: 0.0ms)
Completed 200 OK in 8ms (Views: 5.4ms | GC: 0.0ms)


Started GET "/questionnaire" for ::1 at 2026-09-03 17:02:41 +0100
Processing by PagesController#questionnaire as HTML
  Rendering layout layouts/application.html.erb
  Rendering pages/questionnaire.html.erb within layouts/application
  Rendered shared/_nav.html.erb (Duration: 0.0ms | GC: 0.0ms)
  Rendered pages/questionnaire.html.erb within layouts/application (Duration: 0.4ms | GC: 0.0ms)
  Rendered shared/_chat_widget.html.erb (Duration: 0.0ms | GC: 0.0ms)
  Rendered layout layouts/application.html.erb (Duration: 5.2ms | GC: 0.0ms)
Completed 200 OK in 10ms (Views: 6.3ms | GC: 0.0ms)


Started GET "/questionnaire" for ::1 at 2026-09-03 17:02:41 +0100
Processing by PagesController#questionnaire as HTML
  Rendering layout layouts/application.html.erb
  Rendering pages/questionnaire.html.erb within layouts/application
  Rendered shared/_nav.html.erb (Duration: 0.0ms | GC: 0.0ms)
  Rendered pages/questionnaire.html.erb within layouts/application (Duration: 0.7ms | GC: 0.0ms)
  Rendered shared/_chat_widget.html.erb (Duration: 0.0ms | GC: 0.0ms)
  Rendered layout layouts/application.html.erb (Duration: 2.6ms | GC: 0.0ms)
Completed 200 OK in 6ms (Views: 3.2ms | GC: 0.0ms)


Started GET "/wallet" for ::1 at 2026-09-03 17:02:42 +0100
Processing by PagesController#wallet as HTML
  Rendering layout layouts/application.html.erb
  Rendering pages/wallet.html.erb within layouts/application
  Rendered shared/_nav.html.erb (Duration: 0.1ms | GC: 0.0ms)
  Rendered pages/wallet.html.erb within layouts/application (Duration: 0.4ms | GC: 0.0ms)
  Rendered shared/_chat_widget.html.erb (Duration: 0.0ms | GC: 0.0ms)
  Rendered layout layouts/application.html.erb (Duration: 3.3ms | GC: 0.0ms)
Completed 200 OK in 7ms (Views: 4.2ms | GC: 0.0ms)


Started GET "/wallet" for ::1 at 2026-09-03 17:02:47 +0100
Processing by PagesController#wallet as HTML
  Rendering layout layouts/application.html.erb
  Rendering pages/wallet.html.erb within layouts/application
  Rendered shared/_nav.html.erb (Duration: 0.1ms | GC: 0.0ms)
  Rendered pages/wallet.html.erb within layouts/application (Duration: 0.5ms | GC: 0.0ms)
  Rendered shared/_chat_widget.html.erb (Duration: 0.1ms | GC: 0.0ms)
  Rendered layout layouts/application.html.erb (Duration: 3.6ms | GC: 0.0ms)
Completed 200 OK in 8ms (Views: 4.6ms | GC: 0.0ms)


Started GET "/wallet" for ::1 at 2026-09-03 17:03:26 +0100
Processing by PagesController#wallet as HTML
  Rendering layout layouts/application.html.erb
  Rendering pages/wallet.html.erb within layouts/application
  Rendered shared/_nav.html.erb (Duration: 0.0ms | GC: 0.0ms)
  Rendered pages/wallet.html.erb within layouts/application (Duration: 0.2ms | GC: 0.0ms)
  Rendered shared/_chat_widget.html.erb (Duration: 0.0ms | GC: 0.0ms)
  Rendered layout layouts/application.html.erb (Duration: 1.4ms | GC: 0.0ms)
Completed 200 OK in 4ms (Views: 1.8ms | GC: 0.9ms)


Started GET "/wallet" for ::1 at 2026-09-03 17:03:59 +0100
Processing by PagesController#wallet as HTML
  Rendering layout layouts/application.html.erb
  Rendering pages/wallet.html.erb within layouts/application
  Rendered shared/_nav.html.erb (Duration: 0.0ms | GC: 0.0ms)
  Rendered pages/wallet.html.erb within layouts/application (Duration: 0.3ms | GC: 0.0ms)
  Rendered shared/_chat_widget.html.erb (Duration: 0.0ms | GC: 0.0ms)
  Rendered layout layouts/application.html.erb (Duration: 2.3ms | GC: 0.0ms)
Completed 200 OK in 12ms (Views: 3.7ms | GC: 1.0ms)


Started GET "/wallet" for ::1 at 2026-09-03 17:04:00 +0100
Processing by PagesController#wallet as HTML
  Rendering layout layouts/application.html.erb
  Rendering pages/wallet.html.erb within layouts/application
  Rendered shared/_nav.html.erb (Duration: 0.0ms | GC: 0.0ms)
  Rendered pages/wallet.html.erb within layouts/application (Duration: 0.3ms | GC: 0.0ms)
  Rendered shared/_chat_widget.html.erb (Duration: 0.0ms | GC: 0.0ms)
  Rendered layout layouts/application.html.erb (Duration: 2.3ms | GC: 0.0ms)
Completed 200 OK in 6ms (Views: 3.0ms | GC: 0.2ms)


Started GET "/wallet" for ::1 at 2026-09-03 17:07:57 +0100
Processing by PagesController#wallet as HTML
  Rendering layout layouts/application.html.erb
  Rendering pages/wallet.html.erb within layouts/application
  Rendered shared/_nav.html.erb (Duration: 0.1ms | GC: 0.0ms)
  Rendered pages/wallet.html.erb within layouts/application (Duration: 0.9ms | GC: 0.0ms)
  Rendered shared/_chat_widget.html.erb (Duration: 0.2ms | GC: 0.0ms)
  Rendered layout layouts/application.html.erb (Duration: 18.1ms | GC: 0.0ms)
Completed 200 OK in 23ms (Views: 20.0ms | GC: 0.0ms)


Started GET "/" for ::1 at 2026-09-03 17:08:02 +0100
Processing by PagesController#home as HTML
  Rendering layout layouts/application.html.erb
  Rendering pages/home.html.erb within layouts/application
  Rendered shared/_nav.html.erb (Duration: 0.0ms | GC: 0.0ms)
  Rendered pages/home.html.erb within layouts/application (Duration: 1.1ms | GC: 0.0ms)
  Rendered shared/_chat_widget.html.erb (Duration: 0.0ms | GC: 0.0ms)
  Rendered layout layouts/application.html.erb (Duration: 3.6ms | GC: 0.0ms)
Completed 200 OK in 8ms (Views: 5.0ms | GC: 0.0ms)


Started GET "/results?stack=student" for ::1 at 2026-09-03 17:08:03 +0100
Processing by PagesController#results as HTML
  Parameters: {"stack"=>"student"}
  Rendering layout layouts/application.html.erb
  Rendering pages/results.html.erb within layouts/application
  Rendered shared/_nav.html.erb (Duration: 0.0ms | GC: 0.0ms)
  Rendered pages/results.html.erb within layouts/application (Duration: 2.9ms | GC: 0.0ms)
  Rendered shared/_chat_widget.html.erb (Duration: 0.0ms | GC: 0.0ms)
  Rendered layout layouts/application.html.erb (Duration: 5.4ms | GC: 0.0ms)
Completed 200 OK in 9ms (Views: 6.5ms | GC: 0.0ms)


Started GET "/results?stack=student" for ::1 at 2026-09-03 17:08:17 +0100
Processing by PagesController#results as HTML
  Parameters: {"stack"=>"student"}
  Rendering layout layouts/application.html.erb
  Rendering pages/results.html.erb within layouts/application
  Rendered shared/_nav.html.erb (Duration: 0.1ms | GC: 0.0ms)
  Rendered pages/results.html.erb within layouts/application (Duration: 1.0ms | GC: 0.0ms)
  Rendered shared/_chat_widget.html.erb (Duration: 0.1ms | GC: 0.0ms)
  Rendered layout layouts/application.html.erb (Duration: 8.1ms | GC: 0.0ms)
Completed 200 OK in 21ms (Views: 10.5ms | GC: 0.0ms)


Started GET "/" for ::1 at 2026-09-03 17:08:20 +0100
Processing by PagesController#home as HTML
  Rendering layout layouts/application.html.erb
  Rendering pages/home.html.erb within layouts/application
  Rendered shared/_nav.html.erb (Duration: 0.2ms | GC: 0.0ms)
  Rendered pages/home.html.erb within layouts/application (Duration: 1.8ms | GC: 0.0ms)
  Rendered shared/_chat_widget.html.erb (Duration: 0.0ms | GC: 0.0ms)
  Rendered layout layouts/application.html.erb (Duration: 4.0ms | GC: 0.0ms)
Completed 200 OK in 8ms (Views: 4.9ms | GC: 0.0ms)


Started GET "/results?stack=student" for ::1 at 2026-09-03 17:08:21 +0100
Processing by PagesController#results as HTML
  Parameters: {"stack"=>"student"}
  Rendering layout layouts/application.html.erb
  Rendering pages/results.html.erb within layouts/application
  Rendered shared/_nav.html.erb (Duration: 0.0ms | GC: 0.0ms)
  Rendered pages/results.html.erb within layouts/application (Duration: 0.6ms | GC: 0.0ms)
  Rendered shared/_chat_widget.html.erb (Duration: 0.0ms | GC: 0.0ms)
  Rendered layout layouts/application.html.erb (Duration: 2.8ms | GC: 0.0ms)
Completed 200 OK in 8ms (Views: 3.9ms | GC: 0.0ms)


Started GET "/questionnaire" for ::1 at 2026-09-03 17:09:08 +0100
Processing by PagesController#questionnaire as HTML
  Rendering layout layouts/application.html.erb
  Rendering pages/questionnaire.html.erb within layouts/application
  Rendered shared/_nav.html.erb (Duration: 0.0ms | GC: 0.0ms)
  Rendered pages/questionnaire.html.erb within layouts/application (Duration: 5.3ms | GC: 0.0ms)
  Rendered shared/_chat_widget.html.erb (Duration: 0.0ms | GC: 0.0ms)
  Rendered layout layouts/application.html.erb (Duration: 6.9ms | GC: 0.0ms)
Completed 200 OK in 11ms (Views: 7.5ms | GC: 0.0ms)


Started GET "/" for ::1 at 2026-09-03 17:10:27 +0100
Processing by PagesController#home as HTML
  Rendering layout layouts/application.html.erb
  Rendering pages/home.html.erb within layouts/application
  Rendered shared/_nav.html.erb (Duration: 0.1ms | GC: 0.0ms)
  Rendered pages/home.html.erb within layouts/application (Duration: 1.9ms | GC: 0.0ms)
  Rendered shared/_chat_widget.html.erb (Duration: 0.0ms | GC: 0.0ms)
  Rendered layout layouts/application.html.erb (Duration: 4.3ms | GC: 0.0ms)
Completed 200 OK in 8ms (Views: 5.8ms | GC: 0.0ms)


Started GET "/" for ::1 at 2026-09-03 17:10:49 +0100
Processing by PagesController#home as HTML
  Rendering layout layouts/application.html.erb
  Rendering pages/home.html.erb within layouts/application
  Rendered shared/_nav.html.erb (Duration: 0.0ms | GC: 0.0ms)
  Rendered pages/home.html.erb within layouts/application (Duration: 0.5ms | GC: 0.0ms)
  Rendered shared/_chat_widget.html.erb (Duration: 0.0ms | GC: 0.0ms)
  Rendered layout layouts/application.html.erb (Duration: 8.4ms | GC: 0.0ms)
Completed 200 OK in 13ms (Views: 9.1ms | GC: 0.0ms)


Started GET "/questionnaire" for ::1 at 2026-09-03 17:11:20 +0100
Processing by PagesController#questionnaire as HTML
  Rendering layout layouts/application.html.erb
  Rendering pages/questionnaire.html.erb within layouts/application
  Rendered shared/_nav.html.erb (Duration: 0.0ms | GC: 0.0ms)
  Rendered pages/questionnaire.html.erb within layouts/application (Duration: 0.2ms | GC: 0.0ms)
  Rendered shared/_chat_widget.html.erb (Duration: 0.0ms | GC: 0.0ms)
  Rendered layout layouts/application.html.erb (Duration: 2.0ms | GC: 1.0ms)
Completed 200 OK in 3ms (Views: 2.2ms | GC: 1.0ms)


Started GET "/wallet" for ::1 at 2026-09-03 17:11:36 +0100
Processing by PagesController#wallet as HTML
  Rendering layout layouts/application.html.erb
  Rendering pages/wallet.html.erb within layouts/application
  Rendered shared/_nav.html.erb (Duration: 0.0ms | GC: 0.0ms)
  Rendered pages/wallet.html.erb within layouts/application (Duration: 2.5ms | GC: 0.0ms)
  Rendered shared/_chat_widget.html.erb (Duration: 0.0ms | GC: 0.0ms)
  Rendered layout layouts/application.html.erb (Duration: 9.4ms | GC: 2.2ms)
Completed 200 OK in 15ms (Views: 10.2ms | GC: 2.2ms)


Started GET "/wallet" for ::1 at 2026-09-03 17:16:28 +0100
Processing by PagesController#wallet as HTML
  Rendering layout layouts/application.html.erb
  Rendering pages/wallet.html.erb within layouts/application
  Rendered shared/_nav.html.erb (Duration: 0.0ms | GC: 0.0ms)
  Rendered pages/wallet.html.erb within layouts/application (Duration: 0.2ms | GC: 0.0ms)
  Rendered shared/_chat_widget.html.erb (Duration: 0.0ms | GC: 0.0ms)
  Rendered layout layouts/application.html.erb (Duration: 4.0ms | GC: 0.3ms)
Completed 200 OK in 6ms (Views: 4.4ms | GC: 0.9ms)


Started GET "/" for ::1 at 2026-09-03 17:17:36 +0100
Processing by PagesController#home as HTML
  Rendering layout layouts/application.html.erb
  Rendering pages/home.html.erb within layouts/application
  Rendered shared/_nav.html.erb (Duration: 0.0ms | GC: 0.0ms)
  Rendered pages/home.html.erb within layouts/application (Duration: 0.3ms | GC: 0.0ms)
  Rendered shared/_chat_widget.html.erb (Duration: 0.1ms | GC: 0.0ms)
  Rendered layout layouts/application.html.erb (Duration: 2.1ms | GC: 0.4ms)
Completed 200 OK in 6ms (Views: 3.1ms | GC: 0.4ms)


Started GET "/questionnaire" for ::1 at 2026-09-03 17:17:38 +0100
Processing by PagesController#questionnaire as HTML
  Rendering layout layouts/application.html.erb
  Rendering pages/questionnaire.html.erb within layouts/application
  Rendered shared/_nav.html.erb (Duration: 0.0ms | GC: 0.0ms)
  Rendered pages/questionnaire.html.erb within layouts/application (Duration: 0.7ms | GC: 0.0ms)
  Rendered shared/_chat_widget.html.erb (Duration: 0.0ms | GC: 0.0ms)
  Rendered layout layouts/application.html.erb (Duration: 2.8ms | GC: 0.0ms)
Completed 200 OK in 6ms (Views: 3.7ms | GC: 0.0ms)


Started GET "/wallet" for ::1 at 2026-09-03 17:17:39 +0100
Processing by PagesController#wallet as HTML
  Rendering layout layouts/application.html.erb
  Rendering pages/wallet.html.erb within layouts/application
  Rendered shared/_nav.html.erb (Duration: 0.0ms | GC: 0.0ms)
  Rendered pages/wallet.html.erb within layouts/application (Duration: 0.3ms | GC: 0.0ms)
  Rendered shared/_chat_widget.html.erb (Duration: 0.0ms | GC: 0.0ms)
  Rendered layout layouts/application.html.erb (Duration: 3.7ms | GC: 0.0ms)
Completed 200 OK in 8ms (Views: 4.6ms | GC: 0.0ms)


Started GET "/wallet" for ::1 at 2026-09-03 17:24:21 +0100
Processing by PagesController#wallet as HTML
  Rendering layout layouts/application.html.erb
  Rendering pages/wallet.html.erb within layouts/application
  Rendered shared/_nav.html.erb (Duration: 0.1ms | GC: 0.0ms)
  Rendered pages/wallet.html.erb within layouts/application (Duration: 0.6ms | GC: 0.0ms)
  Rendered shared/_chat_widget.html.erb (Duration: 0.2ms | GC: 0.0ms)
  Rendered layout layouts/application.html.erb (Duration: 4.7ms | GC: 0.0ms)
Completed 200 OK in 8ms (Views: 6.0ms | GC: 0.0ms)


Started GET "/wallet" for ::1 at 2026-09-03 17:27:22 +0100
Processing by PagesController#wallet as HTML
  Rendering layout layouts/application.html.erb
  Rendering pages/wallet.html.erb within layouts/application
  Rendered shared/_nav.html.erb (Duration: 0.1ms | GC: 0.0ms)
  Rendered pages/wallet.html.erb within layouts/application (Duration: 0.6ms | GC: 0.0ms)
  Rendered shared/_chat_widget.html.erb (Duration: 0.1ms | GC: 0.0ms)
  Rendered layout layouts/application.html.erb (Duration: 8.3ms | GC: 0.0ms)
Completed 200 OK in 18ms (Views: 10.2ms | GC: 0.0ms)


Started GET "/wallet" for ::1 at 2026-09-03 17:29:46 +0100
Processing by PagesController#wallet as HTML
  Rendering layout layouts/application.html.erb
  Rendering pages/wallet.html.erb within layouts/application
  Rendered shared/_nav.html.erb (Duration: 0.1ms | GC: 0.0ms)
  Rendered pages/wallet.html.erb within layouts/application (Duration: 1.2ms | GC: 0.0ms)
  Rendered shared/_chat_widget.html.erb (Duration: 0.0ms | GC: 0.0ms)
  Rendered layout layouts/application.html.erb (Duration: 9.4ms | GC: 0.0ms)
Completed 200 OK in 12ms (Views: 10.3ms | GC: 0.0ms)


Started GET "/wallet" for ::1 at 2026-09-03 17:32:34 +0100
Processing by PagesController#wallet as HTML
  Rendering layout layouts/application.html.erb
  Rendering pages/wallet.html.erb within layouts/application
  Rendered shared/_nav.html.erb (Duration: 0.1ms | GC: 0.0ms)
  Rendered pages/wallet.html.erb within layouts/application (Duration: 0.4ms | GC: 0.0ms)
  Rendered shared/_chat_widget.html.erb (Duration: 0.0ms | GC: 0.0ms)
  Rendered layout layouts/application.html.erb (Duration: 2.8ms | GC: 0.0ms)
Completed 200 OK in 9ms (Views: 3.8ms | GC: 0.0ms)


Started GET "/wallet" for ::1 at 2026-09-03 17:34:04 +0100
Processing by PagesController#wallet as HTML
  Rendering layout layouts/application.html.erb
  Rendering pages/wallet.html.erb within layouts/application
  Rendered shared/_nav.html.erb (Duration: 0.0ms | GC: 0.0ms)
  Rendered pages/wallet.html.erb within layouts/application (Duration: 0.5ms | GC: 0.0ms)
  Rendered shared/_chat_widget.html.erb (Duration: 0.0ms | GC: 0.0ms)
  Rendered layout layouts/application.html.erb (Duration: 7.2ms | GC: 0.0ms)
Completed 200 OK in 13ms (Views: 10.5ms | GC: 0.0ms)


Started GET "/wallet" for ::1 at 2026-09-03 17:37:35 +0100
Processing by PagesController#wallet as HTML
  Rendering layout layouts/application.html.erb
  Rendering pages/wallet.html.erb within layouts/application
  Rendered shared/_nav.html.erb (Duration: 0.1ms | GC: 0.0ms)
  Rendered pages/wallet.html.erb within layouts/application (Duration: 0.9ms | GC: 0.0ms)
  Rendered shared/_chat_widget.html.erb (Duration: 0.0ms | GC: 0.0ms)
  Rendered layout layouts/application.html.erb (Duration: 3.3ms | GC: 0.0ms)
Completed 200 OK in 12ms (Views: 5.5ms | GC: 0.0ms)


Started GET "/" for ::1 at 2026-09-03 17:37:38 +0100
Processing by PagesController#home as HTML
  Rendering layout layouts/application.html.erb
  Rendering pages/home.html.erb within layouts/application
  Rendered shared/_nav.html.erb (Duration: 0.0ms | GC: 0.0ms)
  Rendered pages/home.html.erb within layouts/application (Duration: 2.3ms | GC: 0.0ms)
  Rendered shared/_chat_widget.html.erb (Duration: 0.0ms | GC: 0.0ms)
  Rendered layout layouts/application.html.erb (Duration: 4.9ms | GC: 1.5ms)
Completed 200 OK in 39ms (Views: 5.4ms | GC: 31.0ms)


Started GET "/results?stack=student" for ::1 at 2026-09-03 17:37:39 +0100
Processing by PagesController#results as HTML
  Parameters: {"stack"=>"student"}
  Rendering layout layouts/application.html.erb
  Rendering pages/results.html.erb within layouts/application
  Rendered shared/_nav.html.erb (Duration: 0.0ms | GC: 0.0ms)
  Rendered pages/results.html.erb within layouts/application (Duration: 2.4ms | GC: 0.0ms)
  Rendered shared/_chat_widget.html.erb (Duration: 0.0ms | GC: 0.0ms)
  Rendered layout layouts/application.html.erb (Duration: 6.9ms | GC: 2.0ms)
Completed 200 OK in 14ms (Views: 7.8ms | GC: 2.0ms)


Started GET "/results?stack=everyday" for ::1 at 2026-09-03 17:37:40 +0100
Processing by PagesController#results as HTML
  Parameters: {"stack"=>"everyday"}
  Rendering layout layouts/application.html.erb
  Rendering pages/results.html.erb within layouts/application
  Rendered shared/_nav.html.erb (Duration: 0.1ms | GC: 0.0ms)
  Rendered pages/results.html.erb within layouts/application (Duration: 0.9ms | GC: 0.0ms)
  Rendered shared/_chat_widget.html.erb (Duration: 0.1ms | GC: 0.0ms)
  Rendered layout layouts/application.html.erb (Duration: 6.7ms | GC: 0.7ms)
Completed 200 OK in 10ms (Views: 7.7ms | GC: 0.7ms)


Started GET "/results?stack=everyday" for ::1 at 2026-09-03 17:37:41 +0100
Processing by PagesController#results as HTML
  Parameters: {"stack"=>"everyday"}
  Rendering layout layouts/application.html.erb
  Rendering pages/results.html.erb within layouts/application
  Rendered shared/_nav.html.erb (Duration: 0.0ms | GC: 0.0ms)
  Rendered pages/results.html.erb within layouts/application (Duration: 0.8ms | GC: 0.0ms)
  Rendered shared/_chat_widget.html.erb (Duration: 0.0ms | GC: 0.0ms)
  Rendered layout layouts/application.html.erb (Duration: 9.0ms | GC: 0.7ms)
Completed 200 OK in 18ms (Views: 13.3ms | GC: 1.3ms)


Started GET "/questionnaire" for ::1 at 2026-09-03 17:37:42 +0100
Processing by PagesController#questionnaire as HTML
  Rendering layout layouts/application.html.erb
  Rendering pages/questionnaire.html.erb within layouts/application
  Rendered shared/_nav.html.erb (Duration: 0.1ms | GC: 0.0ms)
  Rendered pages/questionnaire.html.erb within layouts/application (Duration: 8.0ms | GC: 0.5ms)
  Rendered shared/_chat_widget.html.erb (Duration: 0.0ms | GC: 0.0ms)
  Rendered layout layouts/application.html.erb (Duration: 10.8ms | GC: 1.0ms)
Completed 200 OK in 15ms (Views: 11.7ms | GC: 1.0ms)


Started GET "/" for ::1 at 2026-09-03 17:37:44 +0100
Processing by PagesController#home as HTML
  Rendering layout layouts/application.html.erb
  Rendering pages/home.html.erb within layouts/application
  Rendered shared/_nav.html.erb (Duration: 0.1ms | GC: 0.0ms)
  Rendered pages/home.html.erb within layouts/application (Duration: 0.3ms | GC: 0.0ms)
  Rendered shared/_chat_widget.html.erb (Duration: 0.0ms | GC: 0.0ms)
  Rendered layout layouts/application.html.erb (Duration: 2.3ms | GC: 0.0ms)
Completed 200 OK in 6ms (Views: 3.1ms | GC: 0.0ms)


Started GET "/results?stack=points-hacker" for ::1 at 2026-09-03 17:37:44 +0100
Processing by PagesController#results as HTML
  Parameters: {"stack"=>"points-hacker"}
  Rendering layout layouts/application.html.erb
  Rendering pages/results.html.erb within layouts/application
  Rendered shared/_nav.html.erb (Duration: 0.0ms | GC: 0.0ms)
  Rendered pages/results.html.erb within layouts/application (Duration: 0.9ms | GC: 0.0ms)
  Rendered shared/_chat_widget.html.erb (Duration: 0.0ms | GC: 0.0ms)
  Rendered layout layouts/application.html.erb (Duration: 3.0ms | GC: 0.0ms)
Completed 200 OK in 9ms (Views: 3.9ms | GC: 0.0ms)


Started GET "/wallet" for ::1 at 2026-09-03 17:38:34 +0100
Processing by PagesController#wallet as HTML
  Rendering layout layouts/application.html.erb
  Rendering pages/wallet.html.erb within layouts/application
  Rendered shared/_nav.html.erb (Duration: 0.1ms | GC: 0.0ms)
  Rendered pages/wallet.html.erb within layouts/application (Duration: 0.4ms | GC: 0.0ms)
  Rendered shared/_chat_widget.html.erb (Duration: 0.0ms | GC: 0.0ms)
  Rendered layout layouts/application.html.erb (Duration: 3.5ms | GC: 0.0ms)
Completed 200 OK in 11ms (Views: 6.7ms | GC: 0.0ms)


Started GET "/wallet" for ::1 at 2026-09-03 23:40:45 +0100
Processing by PagesController#wallet as HTML
  Rendering layout layouts/application.html.erb
  Rendering pages/wallet.html.erb within layouts/application
  Rendered shared/_nav.html.erb (Duration: 1.1ms | GC: 0.7ms)
  Rendered pages/wallet.html.erb within layouts/application (Duration: 2.0ms | GC: 0.7ms)
  Rendered shared/_chat_widget.html.erb (Duration: 0.2ms | GC: 0.0ms)
  Rendered layout layouts/application.html.erb (Duration: 23.5ms | GC: 9.5ms)
Completed 200 OK in 45ms (Views: 28.3ms | GC: 14.0ms)


Started GET "/" for ::1 at 2026-09-03 23:46:50 +0100
Processing by PagesController#home as HTML
  Rendering layout layouts/application.html.erb
  Rendering pages/home.html.erb within layouts/application
  Rendered shared/_nav.html.erb (Duration: 0.2ms | GC: 0.0ms)
  Rendered pages/home.html.erb within layouts/application (Duration: 2.0ms | GC: 0.6ms)
  Rendered shared/_chat_widget.html.erb (Duration: 0.1ms | GC: 0.0ms)
  Rendered layout layouts/application.html.erb (Duration: 12.8ms | GC: 3.8ms)
Completed 200 OK in 34ms (Views: 18.6ms | GC: 12.4ms)


Started GET "/wallet" for ::1 at 2026-09-03 23:58:40 +0100
Processing by PagesController#wallet as HTML
  Rendering layout layouts/application.html.erb
  Rendering pages/wallet.html.erb within layouts/application
  Rendered shared/_nav.html.erb (Duration: 0.6ms | GC: 0.3ms)
  Rendered pages/wallet.html.erb within layouts/application (Duration: 2.2ms | GC: 0.8ms)
  Rendered shared/_chat_widget.html.erb (Duration: 0.3ms | GC: 0.0ms)
  Rendered layout layouts/application.html.erb (Duration: 30.0ms | GC: 11.8ms)
Completed 200 OK in 43ms (Views: 33.3ms | GC: 13.0ms)


Started GET "/" for ::1 at 2026-09-03 23:58:42 +0100
Processing by PagesController#home as HTML
  Rendering layout layouts/application.html.erb
  Rendering pages/home.html.erb within layouts/application
  Rendered shared/_nav.html.erb (Duration: 0.0ms | GC: 0.0ms)
  Rendered pages/home.html.erb within layouts/application (Duration: 0.4ms | GC: 0.0ms)
  Rendered shared/_chat_widget.html.erb (Duration: 0.0ms | GC: 0.0ms)
  Rendered layout layouts/application.html.erb (Duration: 1.0ms | GC: 0.0ms)
Completed 200 OK in 4ms (Views: 1.3ms | GC: 0.0ms)


Started GET "/results?stack=points-hacker" for ::1 at 2026-09-03 23:58:43 +0100
Processing by PagesController#results as HTML
  Parameters: {"stack"=>"points-hacker"}
  Rendering layout layouts/application.html.erb
  Rendering pages/results.html.erb within layouts/application
  Rendered shared/_nav.html.erb (Duration: 0.0ms | GC: 0.0ms)
  Rendered pages/results.html.erb within layouts/application (Duration: 1.0ms | GC: 0.0ms)
  Rendered shared/_chat_widget.html.erb (Duration: 0.0ms | GC: 0.0ms)
  Rendered layout layouts/application.html.erb (Duration: 1.9ms | GC: 0.0ms)
Completed 200 OK in 4ms (Views: 2.2ms | GC: 0.0ms)


Started GET "/results?stack=everyday" for ::1 at 2026-09-03 23:58:45 +0100
Processing by PagesController#results as HTML
  Parameters: {"stack"=>"everyday"}
  Rendering layout layouts/application.html.erb
  Rendering pages/results.html.erb within layouts/application
  Rendered shared/_nav.html.erb (Duration: 0.0ms | GC: 0.0ms)
  Rendered pages/results.html.erb within layouts/application (Duration: 0.2ms | GC: 0.0ms)
  Rendered shared/_chat_widget.html.erb (Duration: 0.0ms | GC: 0.0ms)
  Rendered layout layouts/application.html.erb (Duration: 0.8ms | GC: 0.0ms)
Completed 200 OK in 2ms (Views: 1.0ms | GC: 0.0ms)


Started GET "/results?stack=student" for ::1 at 2026-09-03 23:58:45 +0100
Processing by PagesController#results as HTML
  Parameters: {"stack"=>"student"}
  Rendering layout layouts/application.html.erb
  Rendering pages/results.html.erb within layouts/application
  Rendered shared/_nav.html.erb (Duration: 0.0ms | GC: 0.0ms)
  Rendered pages/results.html.erb within layouts/application (Duration: 0.8ms | GC: 0.0ms)
  Rendered shared/_chat_widget.html.erb (Duration: 0.0ms | GC: 0.0ms)
  Rendered layout layouts/application.html.erb (Duration: 3.4ms | GC: 0.0ms)
Completed 200 OK in 7ms (Views: 4.2ms | GC: 0.0ms)


Started GET "/questionnaire" for ::1 at 2026-09-03 23:58:51 +0100
Processing by PagesController#questionnaire as HTML
  Rendering layout layouts/application.html.erb
  Rendering pages/questionnaire.html.erb within layouts/application
  Rendered shared/_nav.html.erb (Duration: 0.0ms | GC: 0.0ms)
  Rendered pages/questionnaire.html.erb within layouts/application (Duration: 1.8ms | GC: 0.0ms)
  Rendered shared/_chat_widget.html.erb (Duration: 0.0ms | GC: 0.0ms)
  Rendered layout layouts/application.html.erb (Duration: 2.6ms | GC: 0.0ms)
Completed 200 OK in 4ms (Views: 3.0ms | GC: 0.0ms)


Started GET "/questionnaire" for ::1 at 2026-09-03 23:58:52 +0100
Processing by PagesController#questionnaire as HTML
  Rendering layout layouts/application.html.erb
  Rendering pages/questionnaire.html.erb within layouts/application
  Rendered shared/_nav.html.erb (Duration: 0.0ms | GC: 0.0ms)
  Rendered pages/questionnaire.html.erb within layouts/application (Duration: 1.0ms | GC: 0.0ms)
  Rendered shared/_chat_widget.html.erb (Duration: 0.0ms | GC: 0.0ms)
  Rendered layout layouts/application.html.erb (Duration: 3.6ms | GC: 0.0ms)
Completed 200 OK in 6ms (Views: 4.4ms | GC: 0.0ms)


Started GET "/" for ::1 at 2026-09-03 23:58:55 +0100
Processing by PagesController#home as HTML
  Rendering layout layouts/application.html.erb
  Rendering pages/home.html.erb within layouts/application
  Rendered shared/_nav.html.erb (Duration: 0.0ms | GC: 0.0ms)
  Rendered pages/home.html.erb within layouts/application (Duration: 0.3ms | GC: 0.0ms)
  Rendered shared/_chat_widget.html.erb (Duration: 0.0ms | GC: 0.0ms)
  Rendered layout layouts/application.html.erb (Duration: 2.2ms | GC: 0.0ms)
Completed 200 OK in 5ms (Views: 2.8ms | GC: 0.0ms)


Started GET "/cards/altitude-journey" for 127.0.0.1 at 2026-09-04 00:02:01 +0100
Processing by PagesController#card_detail as HTML
  Parameters: {"id"=>"altitude-journey"}
  Rendering layout layouts/application.html.erb
  Rendering pages/card_detail.html.erb within layouts/application
  Rendered shared/_nav.html.erb (Duration: 0.1ms | GC: 0.0ms)
  Rendered pages/card_detail.html.erb within layouts/application (Duration: 11.2ms | GC: 2.7ms)
  Rendered shared/_chat_widget.html.erb (Duration: 0.7ms | GC: 0.0ms)
  Rendered layout layouts/application.html.erb (Duration: 33.3ms | GC: 13.8ms)
Completed 200 OK in 48ms (Views: 37.1ms | GC: 14.3ms)


Started GET "/cards/not-a-real-card" for 127.0.0.1 at 2026-09-04 00:02:01 +0100
Processing by PagesController#card_detail as HTML
  Parameters: {"id"=>"not-a-real-card"}
Redirected to http://localhost/
↳ app/controllers/pages_controller.rb:21:in `card_detail'
Completed 302 Found in 1ms (GC: 0.2ms)


[ActionDispatch::HostAuthorization::DefaultResponseApp] Blocked hosts: www.example.com
  Rendering layout layouts/application.html.erb
  Rendering pages/results.html.erb within layouts/application
  Rendered shared/_nav.html.erb (Duration: 0.1ms | GC: 0.0ms)
  Rendered pages/results.html.erb within layouts/application (Duration: 3.1ms | GC: 0.0ms)
  Rendered shared/_chat_widget.html.erb (Duration: 0.2ms | GC: 0.0ms)
  Rendered layout layouts/application.html.erb (Duration: 9.1ms | GC: 0.0ms)
Started GET "/explore" for 127.0.0.1 at 2026-09-04 00:02:28 +0100
Processing by PagesController#explore as HTML
  Rendering layout layouts/application.html.erb
  Rendering pages/explore.html.erb within layouts/application
  Rendered shared/_nav.html.erb (Duration: 0.2ms | GC: 0.0ms)
  Rendered pages/explore.html.erb within layouts/application (Duration: 1.1ms | GC: 0.0ms)
  Rendered shared/_chat_widget.html.erb (Duration: 0.7ms | GC: 0.6ms)
  Rendered layout layouts/application.html.erb (Duration: 19.9ms | GC: 12.7ms)
Completed 200 OK in 31ms (Views: 21.9ms | GC: 13.1ms)


Started GET "/questionnaire" for ::1 at 2026-09-04 00:03:22 +0100
Processing by PagesController#questionnaire as HTML
  Rendering layout layouts/application.html.erb
  Rendering pages/questionnaire.html.erb within layouts/application
  Rendered shared/_nav.html.erb (Duration: 0.1ms | GC: 0.0ms)
  Rendered pages/questionnaire.html.erb within layouts/application (Duration: 3.3ms | GC: 0.0ms)
  Rendered shared/_chat_widget.html.erb (Duration: 0.2ms | GC: 0.0ms)
  Rendered layout layouts/application.html.erb (Duration: 12.6ms | GC: 0.0ms)
Completed 200 OK in 20ms (Views: 15.2ms | GC: 0.0ms)


Started GET "/questionnaire" for ::1 at 2026-09-04 00:03:47 +0100
Processing by PagesController#questionnaire as HTML
  Rendering layout layouts/application.html.erb
  Rendering pages/questionnaire.html.erb within layouts/application
  Rendered shared/_nav.html.erb (Duration: 0.0ms | GC: 0.0ms)
  Rendered pages/questionnaire.html.erb within layouts/application (Duration: 1.3ms | GC: 0.0ms)
  Rendered shared/_chat_widget.html.erb (Duration: 0.0ms | GC: 0.0ms)
  Rendered layout layouts/application.html.erb (Duration: 48.8ms | GC: 19.4ms)
Completed 200 OK in 54ms (Views: 49.9ms | GC: 19.4ms)


Started GET "/compare?ids=gold-table%2Charbor-reserve" for 127.0.0.1 at 2026-09-04 00:03:56 +0100
Processing by PagesController#compare as HTML
  Parameters: {"ids"=>"gold-table,harbor-reserve"}
  Rendering layout layouts/application.html.erb
  Rendering pages/compare.html.erb within layouts/application
  Rendered shared/_nav.html.erb (Duration: 0.1ms | GC: 0.0ms)
  Rendered pages/compare.html.erb within layouts/application (Duration: 5.8ms | GC: 2.2ms)
  Rendered shared/_chat_widget.html.erb (Duration: 0.2ms | GC: 0.0ms)
  Rendered layout layouts/application.html.erb (Duration: 20.8ms | GC: 11.8ms)
Completed 200 OK in 33ms (Views: 23.2ms | GC: 12.2ms)


Started GET "/questionnaire" for ::1 at 2026-09-04 00:04:01 +0100
Processing by PagesController#questionnaire as HTML
  Rendering layout layouts/application.html.erb
  Rendering pages/questionnaire.html.erb within layouts/application
  Rendered shared/_nav.html.erb (Duration: 0.0ms | GC: 0.0ms)
  Rendered pages/questionnaire.html.erb within layouts/application (Duration: 0.4ms | GC: 0.0ms)
  Rendered shared/_chat_widget.html.erb (Duration: 0.0ms | GC: 0.0ms)
  Rendered layout layouts/application.html.erb (Duration: 2.3ms | GC: 0.0ms)
Completed 200 OK in 7ms (Views: 3.3ms | GC: 0.0ms)


[ActionDispatch::HostAuthorization::DefaultResponseApp] Blocked hosts: www.example.com
Started GET "/results?top_category=dining&fee=none&loyalty_program=avios&credit_band=excellent" for 127.0.0.1 at 2026-09-04 00:07:45 +0100
Processing by PagesController#results as HTML
  Parameters: {"top_category"=>"dining", "fee"=>"none", "loyalty_program"=>"avios", "credit_band"=>"excellent"}
  Rendering layout layouts/application.html.erb
  Rendering pages/results.html.erb within layouts/application
  Rendered shared/_nav.html.erb (Duration: 0.1ms | GC: 0.0ms)
  Rendered pages/results.html.erb within layouts/application (Duration: 5.1ms | GC: 2.3ms)
  Rendered shared/_chat_widget.html.erb (Duration: 0.2ms | GC: 0.0ms)
  Rendered layout layouts/application.html.erb (Duration: 15.9ms | GC: 5.6ms)
Completed 200 OK in 39ms (Views: 20.4ms | GC: 13.2ms)


Started GET "/" for ::1 at 2026-09-04 00:20:16 +0100
Processing by PagesController#home as HTML
  Rendering layout layouts/application.html.erb
  Rendering pages/home.html.erb within layouts/application
  Rendered shared/_nav.html.erb (Duration: 0.2ms | GC: 0.0ms)
  Rendered pages/home.html.erb within layouts/application (Duration: 3.5ms | GC: 1.9ms)
  Rendered shared/_chat_widget.html.erb (Duration: 0.2ms | GC: 0.0ms)
  Rendered layout layouts/application.html.erb (Duration: 22.0ms | GC: 10.9ms)
Completed 200 OK in 38ms (Views: 26.6ms | GC: 12.7ms)


Started GET "/questionnaire" for ::1 at 2026-09-04 00:20:21 +0100
Processing by PagesController#questionnaire as HTML
  Rendering layout layouts/application.html.erb
  Rendering pages/questionnaire.html.erb within layouts/application
  Rendered shared/_nav.html.erb (Duration: 0.0ms | GC: 0.0ms)
  Rendered pages/questionnaire.html.erb within layouts/application (Duration: 6.1ms | GC: 0.0ms)
  Rendered shared/_chat_widget.html.erb (Duration: 0.0ms | GC: 0.0ms)
  Rendered layout layouts/application.html.erb (Duration: 8.1ms | GC: 0.0ms)
Completed 200 OK in 14ms (Views: 9.0ms | GC: 0.0ms)


Started GET "/results?stack=student" for ::1 at 2026-09-04 00:20:22 +0100
Processing by PagesController#results as HTML
  Parameters: {"stack"=>"student"}
  Rendering layout layouts/application.html.erb
  Rendering pages/results.html.erb within layouts/application
  Rendered shared/_nav.html.erb (Duration: 0.0ms | GC: 0.0ms)
  Rendered pages/results.html.erb within layouts/application (Duration: 7.4ms | GC: 0.0ms)
  Rendered shared/_chat_widget.html.erb (Duration: 0.0ms | GC: 0.0ms)
  Rendered layout layouts/application.html.erb (Duration: 10.2ms | GC: 0.0ms)
Completed 200 OK in 14ms (Views: 11.2ms | GC: 0.0ms)


Started GET "/results?stack=everyday" for ::1 at 2026-09-04 00:20:23 +0100
Processing by PagesController#results as HTML
  Parameters: {"stack"=>"everyday"}
  Rendering layout layouts/application.html.erb
  Rendering pages/results.html.erb within layouts/application
  Rendered shared/_nav.html.erb (Duration: 0.0ms | GC: 0.0ms)
  Rendered pages/results.html.erb within layouts/application (Duration: 0.9ms | GC: 0.0ms)
  Rendered shared/_chat_widget.html.erb (Duration: 0.0ms | GC: 0.0ms)
  Rendered layout layouts/application.html.erb (Duration: 4.4ms | GC: 0.0ms)
Completed 200 OK in 9ms (Views: 5.3ms | GC: 0.0ms)


Started GET "/results?stack=cashback-maximiser" for ::1 at 2026-09-04 00:20:23 +0100
Processing by PagesController#results as HTML
  Parameters: {"stack"=>"cashback-maximiser"}
  Rendering layout layouts/application.html.erb
  Rendering pages/results.html.erb within layouts/application
  Rendered shared/_nav.html.erb (Duration: 0.0ms | GC: 0.0ms)
  Rendered pages/results.html.erb within layouts/application (Duration: 0.5ms | GC: 0.0ms)
  Rendered shared/_chat_widget.html.erb (Duration: 0.0ms | GC: 0.0ms)
  Rendered layout layouts/application.html.erb (Duration: 1.6ms | GC: 0.0ms)
Completed 200 OK in 5ms (Views: 2.1ms | GC: 0.0ms)


Started GET "/results?stack=cashback-maximiser" for ::1 at 2026-09-04 00:20:23 +0100
Processing by PagesController#results as HTML
  Parameters: {"stack"=>"cashback-maximiser"}
  Rendering layout layouts/application.html.erb
  Rendering pages/results.html.erb within layouts/application
  Rendered shared/_nav.html.erb (Duration: 0.0ms | GC: 0.0ms)
  Rendered pages/results.html.erb within layouts/application (Duration: 1.7ms | GC: 0.0ms)
  Rendered shared/_chat_widget.html.erb (Duration: 0.0ms | GC: 0.0ms)
  Rendered layout layouts/application.html.erb (Duration: 3.7ms | GC: 0.0ms)
Completed 200 OK in 9ms (Views: 4.6ms | GC: 0.0ms)


Started GET "/results?stack=points-hacker" for ::1 at 2026-09-04 00:20:23 +0100
Processing by PagesController#results as HTML
  Parameters: {"stack"=>"points-hacker"}
  Rendering layout layouts/application.html.erb
  Rendering pages/results.html.erb within layouts/application
  Rendered shared/_nav.html.erb (Duration: 0.0ms | GC: 0.0ms)
  Rendered pages/results.html.erb within layouts/application (Duration: 1.3ms | GC: 0.0ms)
  Rendered shared/_chat_widget.html.erb (Duration: 0.0ms | GC: 0.0ms)
  Rendered layout layouts/application.html.erb (Duration: 3.6ms | GC: 0.0ms)
Completed 200 OK in 8ms (Views: 4.7ms | GC: 0.0ms)


Started GET "/questionnaire" for ::1 at 2026-09-04 00:20:26 +0100
Processing by PagesController#questionnaire as HTML
  Rendering layout layouts/application.html.erb
  Rendering pages/questionnaire.html.erb within layouts/application
  Rendered shared/_nav.html.erb (Duration: 0.1ms | GC: 0.0ms)
  Rendered pages/questionnaire.html.erb within layouts/application (Duration: 6.6ms | GC: 0.0ms)
  Rendered shared/_chat_widget.html.erb (Duration: 0.0ms | GC: 0.0ms)
  Rendered layout layouts/application.html.erb (Duration: 10.3ms | GC: 0.0ms)
Completed 200 OK in 15ms (Views: 10.9ms | GC: 0.0ms)


Started GET "/wallet" for ::1 at 2026-09-04 00:20:32 +0100
Processing by PagesController#wallet as HTML
  Rendering layout layouts/application.html.erb
  Rendering pages/wallet.html.erb within layouts/application
  Rendered shared/_nav.html.erb (Duration: 0.0ms | GC: 0.0ms)
  Rendered pages/wallet.html.erb within layouts/application (Duration: 1.3ms | GC: 0.0ms)
  Rendered shared/_chat_widget.html.erb (Duration: 0.0ms | GC: 0.0ms)
  Rendered layout layouts/application.html.erb (Duration: 3.9ms | GC: 0.0ms)
Completed 200 OK in 8ms (Views: 4.9ms | GC: 0.0ms)


Started GET "/cards/eco-everyday" for ::1 at 2026-09-04 00:20:37 +0100
Processing by PagesController#card_detail as HTML
  Parameters: {"id"=>"eco-everyday"}
  Rendering layout layouts/application.html.erb
  Rendering pages/card_detail.html.erb within layouts/application
  Rendered shared/_nav.html.erb (Duration: 0.0ms | GC: 0.0ms)
  Rendered pages/card_detail.html.erb within layouts/application (Duration: 10.1ms | GC: 0.0ms)
  Rendered shared/_chat_widget.html.erb (Duration: 0.0ms | GC: 0.0ms)
  Rendered layout layouts/application.html.erb (Duration: 14.2ms | GC: 0.0ms)
Completed 200 OK in 19ms (Views: 14.7ms | GC: 0.0ms)


Started GET "/cards/eco-everyday" for ::1 at 2026-09-04 00:20:37 +0100
Processing by PagesController#card_detail as HTML
  Parameters: {"id"=>"eco-everyday"}
  Rendering layout layouts/application.html.erb
  Rendering pages/card_detail.html.erb within layouts/application
  Rendered shared/_nav.html.erb (Duration: 0.0ms | GC: 0.0ms)
  Rendered pages/card_detail.html.erb within layouts/application (Duration: 2.2ms | GC: 0.0ms)
  Rendered shared/_chat_widget.html.erb (Duration: 0.0ms | GC: 0.0ms)
  Rendered layout layouts/application.html.erb (Duration: 5.2ms | GC: 0.0ms)
Completed 200 OK in 10ms (Views: 6.3ms | GC: 0.0ms)


Started GET "/wallet" for ::1 at 2026-09-04 00:20:43 +0100
Processing by PagesController#wallet as HTML
  Rendering layout layouts/application.html.erb
  Rendering pages/wallet.html.erb within layouts/application
  Rendered shared/_nav.html.erb (Duration: 0.1ms | GC: 0.0ms)
  Rendered pages/wallet.html.erb within layouts/application (Duration: 0.9ms | GC: 0.0ms)
  Rendered shared/_chat_widget.html.erb (Duration: 0.1ms | GC: 0.0ms)
  Rendered layout layouts/application.html.erb (Duration: 3.9ms | GC: 0.0ms)
Completed 200 OK in 8ms (Views: 5.0ms | GC: 0.0ms)


Started GET "/cards/campus-cash" for ::1 at 2026-09-04 00:20:44 +0100
Processing by PagesController#card_detail as HTML
  Parameters: {"id"=>"campus-cash"}
  Rendering layout layouts/application.html.erb
  Rendering pages/card_detail.html.erb within layouts/application
  Rendered shared/_nav.html.erb (Duration: 0.0ms | GC: 0.0ms)
  Rendered pages/card_detail.html.erb within layouts/application (Duration: 1.8ms | GC: 0.0ms)
  Rendered shared/_chat_widget.html.erb (Duration: 0.0ms | GC: 0.0ms)
  Rendered layout layouts/application.html.erb (Duration: 5.2ms | GC: 0.0ms)
Completed 200 OK in 11ms (Views: 7.5ms | GC: 0.0ms)


Started GET "/cards/campus-cash" for ::1 at 2026-09-04 00:20:45 +0100
Processing by PagesController#card_detail as HTML
  Parameters: {"id"=>"campus-cash"}
  Rendering layout layouts/application.html.erb
  Rendering pages/card_detail.html.erb within layouts/application
  Rendered shared/_nav.html.erb (Duration: 0.0ms | GC: 0.0ms)
  Rendered pages/card_detail.html.erb within layouts/application (Duration: 2.5ms | GC: 0.0ms)
  Rendered shared/_chat_widget.html.erb (Duration: 0.1ms | GC: 0.0ms)
  Rendered layout layouts/application.html.erb (Duration: 5.7ms | GC: 0.0ms)
Completed 200 OK in 9ms (Views: 6.4ms | GC: 0.0ms)


Started GET "/" for ::1 at 2026-09-04 00:20:48 +0100
Processing by PagesController#home as HTML
  Rendering layout layouts/application.html.erb
  Rendering pages/home.html.erb within layouts/application
  Rendered shared/_nav.html.erb (Duration: 0.0ms | GC: 0.0ms)
  Rendered pages/home.html.erb within layouts/application (Duration: 0.3ms | GC: 0.0ms)
  Rendered shared/_chat_widget.html.erb (Duration: 0.0ms | GC: 0.0ms)
  Rendered layout layouts/application.html.erb (Duration: 17.7ms | GC: 10.3ms)
Completed 200 OK in 21ms (Views: 18.2ms | GC: 10.3ms)


Started GET "/wallet" for ::1 at 2026-09-04 00:20:48 +0100
Processing by PagesController#wallet as HTML
  Rendering layout layouts/application.html.erb
  Rendering pages/wallet.html.erb within layouts/application
  Rendered shared/_nav.html.erb (Duration: 0.0ms | GC: 0.0ms)
  Rendered pages/wallet.html.erb within layouts/application (Duration: 0.2ms | GC: 0.0ms)
  Rendered shared/_chat_widget.html.erb (Duration: 0.0ms | GC: 0.0ms)
  Rendered layout layouts/application.html.erb (Duration: 3.0ms | GC: 1.2ms)
Completed 200 OK in 8ms (Views: 3.8ms | GC: 1.2ms)


Started GET "/results" for ::1 at 2026-09-04 00:20:49 +0100
Processing by PagesController#results as HTML
  Rendering layout layouts/application.html.erb
  Rendering pages/results.html.erb within layouts/application
  Rendered shared/_nav.html.erb (Duration: 0.0ms | GC: 0.0ms)
  Rendered pages/results.html.erb within layouts/application (Duration: 1.1ms | GC: 0.0ms)
  Rendered shared/_chat_widget.html.erb (Duration: 0.0ms | GC: 0.0ms)
  Rendered layout layouts/application.html.erb (Duration: 3.2ms | GC: 0.0ms)
Completed 200 OK in 8ms (Views: 4.3ms | GC: 0.9ms)


Started GET "/" for ::1 at 2026-09-04 00:23:04 +0100
Processing by PagesController#home as HTML
  Rendering layout layouts/application.html.erb
  Rendering pages/home.html.erb within layouts/application
  Rendered shared/_nav.html.erb (Duration: 0.0ms | GC: 0.0ms)
  Rendered pages/home.html.erb within layouts/application (Duration: 0.7ms | GC: 0.0ms)
  Rendered shared/_chat_widget.html.erb (Duration: 0.0ms | GC: 0.0ms)
  Rendered layout layouts/application.html.erb (Duration: 2.8ms | GC: 0.0ms)
Completed 200 OK in 11ms (Views: 3.4ms | GC: 0.0ms)


Started GET "/results?stack=traveller" for ::1 at 2026-09-04 00:23:06 +0100
Processing by PagesController#results as HTML
  Parameters: {"stack"=>"traveller"}
  Rendering layout layouts/application.html.erb
  Rendering pages/results.html.erb within layouts/application
  Rendered shared/_nav.html.erb (Duration: 0.0ms | GC: 0.0ms)
  Rendered pages/results.html.erb within layouts/application (Duration: 1.6ms | GC: 0.0ms)
  Rendered shared/_chat_widget.html.erb (Duration: 0.0ms | GC: 0.0ms)
  Rendered layout layouts/application.html.erb (Duration: 4.1ms | GC: 0.0ms)
Completed 200 OK in 9ms (Views: 4.8ms | GC: 0.6ms)


Started GET "/results?stack=student" for ::1 at 2026-09-04 00:23:06 +0100
Processing by PagesController#results as HTML
  Parameters: {"stack"=>"student"}
  Rendering layout layouts/application.html.erb
  Rendering pages/results.html.erb within layouts/application
  Rendered shared/_nav.html.erb (Duration: 0.0ms | GC: 0.0ms)
  Rendered pages/results.html.erb within layouts/application (Duration: 0.6ms | GC: 0.0ms)
  Rendered shared/_chat_widget.html.erb (Duration: 0.0ms | GC: 0.0ms)
  Rendered layout layouts/application.html.erb (Duration: 1.7ms | GC: 0.0ms)
Completed 200 OK in 11ms (Views: 2.5ms | GC: 0.5ms)


Started GET "/results?stack=everyday" for ::1 at 2026-09-04 00:23:07 +0100
Processing by PagesController#results as HTML
  Parameters: {"stack"=>"everyday"}
  Rendering layout layouts/application.html.erb
  Rendering pages/results.html.erb within layouts/application
  Rendered shared/_nav.html.erb (Duration: 0.0ms | GC: 0.0ms)
  Rendered pages/results.html.erb within layouts/application (Duration: 1.1ms | GC: 0.0ms)
  Rendered shared/_chat_widget.html.erb (Duration: 0.0ms | GC: 0.0ms)
  Rendered layout layouts/application.html.erb (Duration: 4.5ms | GC: 0.6ms)
Completed 200 OK in 8ms (Views: 5.4ms | GC: 0.6ms)


Started GET "/results?stack=points-hacker" for ::1 at 2026-09-04 00:23:07 +0100
Processing by PagesController#results as HTML
  Parameters: {"stack"=>"points-hacker"}
  Rendering layout layouts/application.html.erb
  Rendering pages/results.html.erb within layouts/application
  Rendered shared/_nav.html.erb (Duration: 0.0ms | GC: 0.0ms)
  Rendered pages/results.html.erb within layouts/application (Duration: 1.0ms | GC: 0.0ms)
  Rendered shared/_chat_widget.html.erb (Duration: 0.0ms | GC: 0.0ms)
  Rendered layout layouts/application.html.erb (Duration: 4.1ms | GC: 0.0ms)
Completed 200 OK in 11ms (Views: 5.2ms | GC: 0.0ms)


Started GET "/results?stack=cashback-maximiser" for ::1 at 2026-09-04 00:23:08 +0100
Processing by PagesController#results as HTML
  Parameters: {"stack"=>"cashback-maximiser"}
  Rendering layout layouts/application.html.erb
  Rendering pages/results.html.erb within layouts/application
  Rendered shared/_nav.html.erb (Duration: 0.0ms | GC: 0.0ms)
  Rendered pages/results.html.erb within layouts/application (Duration: 2.1ms | GC: 0.0ms)
  Rendered shared/_chat_widget.html.erb (Duration: 0.0ms | GC: 0.0ms)
  Rendered layout layouts/application.html.erb (Duration: 5.7ms | GC: 0.0ms)
Completed 200 OK in 10ms (Views: 6.4ms | GC: 0.0ms)


Started GET "/results?stack=points-hacker" for ::1 at 2026-09-04 00:23:08 +0100
Processing by PagesController#results as HTML
  Parameters: {"stack"=>"points-hacker"}
  Rendering layout layouts/application.html.erb
  Rendering pages/results.html.erb within layouts/application
  Rendered shared/_nav.html.erb (Duration: 0.0ms | GC: 0.0ms)
  Rendered pages/results.html.erb within layouts/application (Duration: 1.0ms | GC: 0.0ms)
  Rendered shared/_chat_widget.html.erb (Duration: 0.0ms | GC: 0.0ms)
  Rendered layout layouts/application.html.erb (Duration: 2.8ms | GC: 0.0ms)
Completed 200 OK in 9ms (Views: 5.7ms | GC: 0.9ms)


Started GET "/results?stack=everyday" for ::1 at 2026-09-04 00:23:08 +0100
Processing by PagesController#results as HTML
  Parameters: {"stack"=>"everyday"}
  Rendering layout layouts/application.html.erb
  Rendering pages/results.html.erb within layouts/application
  Rendered shared/_nav.html.erb (Duration: 0.0ms | GC: 0.0ms)
  Rendered pages/results.html.erb within layouts/application (Duration: 1.5ms | GC: 0.0ms)
  Rendered shared/_chat_widget.html.erb (Duration: 0.0ms | GC: 0.0ms)
  Rendered layout layouts/application.html.erb (Duration: 5.1ms | GC: 0.0ms)
Completed 200 OK in 9ms (Views: 5.9ms | GC: 0.0ms)


Started GET "/" for ::1 at 2026-09-04 08:00:04 +0100
Processing by PagesController#home as HTML
  Rendering layout layouts/application.html.erb
  Rendering pages/home.html.erb within layouts/application
  Rendered shared/_nav.html.erb (Duration: 0.0ms | GC: 0.0ms)
  Rendered pages/home.html.erb within layouts/application (Duration: 0.7ms | GC: 0.0ms)
  Rendered shared/_chat_widget.html.erb (Duration: 0.0ms | GC: 0.0ms)
  Rendered layout layouts/application.html.erb (Duration: 6.3ms | GC: 0.0ms)
Completed 200 OK in 10ms (Views: 6.8ms | GC: 0.7ms)


Started GET "/questionnaire" for ::1 at 2026-09-04 08:00:06 +0100
Processing by PagesController#questionnaire as HTML
  Rendering layout layouts/application.html.erb
  Rendering pages/questionnaire.html.erb within layouts/application
  Rendered shared/_nav.html.erb (Duration: 0.0ms | GC: 0.0ms)
  Rendered pages/questionnaire.html.erb within layouts/application (Duration: 0.7ms | GC: 0.0ms)
  Rendered shared/_chat_widget.html.erb (Duration: 0.0ms | GC: 0.0ms)
  Rendered layout layouts/application.html.erb (Duration: 2.9ms | GC: 0.3ms)
Completed 200 OK in 6ms (Views: 3.6ms | GC: 0.3ms)


Started GET "/questionnaire" for ::1 at 2026-09-04 08:00:10 +0100
Processing by PagesController#questionnaire as HTML
  Rendering layout layouts/application.html.erb
  Rendering pages/questionnaire.html.erb within layouts/application
  Rendered shared/_nav.html.erb (Duration: 0.0ms | GC: 0.0ms)
  Rendered pages/questionnaire.html.erb within layouts/application (Duration: 0.5ms | GC: 0.0ms)
  Rendered shared/_chat_widget.html.erb (Duration: 0.0ms | GC: 0.0ms)
  Rendered layout layouts/application.html.erb (Duration: 3.7ms | GC: 0.0ms)
Completed 200 OK in 8ms (Views: 4.3ms | GC: 0.0ms)


Started GET "/" for ::1 at 2026-09-04 16:14:04 +0100
Processing by PagesController#home as HTML
  Rendering layout layouts/application.html.erb
  Rendering pages/home.html.erb within layouts/application
  Rendered shared/_nav.html.erb (Duration: 0.2ms | GC: 0.0ms)
  Rendered pages/home.html.erb within layouts/application (Duration: 3.4ms | GC: 2.0ms)
  Rendered shared/_chat_widget.html.erb (Duration: 0.2ms | GC: 0.0ms)
  Rendered layout layouts/application.html.erb (Duration: 22.3ms | GC: 10.4ms)
Completed 200 OK in 37ms (Views: 26.4ms | GC: 12.3ms)


Started GET "/questionnaire" for ::1 at 2026-09-04 16:14:07 +0100
Processing by PagesController#questionnaire as HTML
  Rendering layout layouts/application.html.erb
  Rendering pages/questionnaire.html.erb within layouts/application
  Rendered shared/_nav.html.erb (Duration: 0.0ms | GC: 0.0ms)
  Rendered pages/questionnaire.html.erb within layouts/application (Duration: 7.2ms | GC: 0.0ms)
  Rendered shared/_chat_widget.html.erb (Duration: 0.0ms | GC: 0.0ms)
  Rendered layout layouts/application.html.erb (Duration: 8.9ms | GC: 0.0ms)
Completed 200 OK in 20ms (Views: 10.0ms | GC: 0.0ms)


Started GET "/questionnaire" for ::1 at 2026-09-04 16:14:09 +0100
Processing by PagesController#questionnaire as HTML
  Rendering layout layouts/application.html.erb
  Rendering pages/questionnaire.html.erb within layouts/application
  Rendered shared/_nav.html.erb (Duration: 0.0ms | GC: 0.0ms)
  Rendered pages/questionnaire.html.erb within layouts/application (Duration: 0.5ms | GC: 0.0ms)
  Rendered shared/_chat_widget.html.erb (Duration: 0.0ms | GC: 0.0ms)
  Rendered layout layouts/application.html.erb (Duration: 2.4ms | GC: 0.0ms)
Completed 200 OK in 8ms (Views: 3.5ms | GC: 0.0ms)


Started GET "/" for ::1 at 2026-09-04 16:14:11 +0100
Processing by PagesController#home as HTML
  Rendering layout layouts/application.html.erb
  Rendering pages/home.html.erb within layouts/application
  Rendered shared/_nav.html.erb (Duration: 0.0ms | GC: 0.0ms)
  Rendered pages/home.html.erb within layouts/application (Duration: 0.4ms | GC: 0.0ms)
  Rendered shared/_chat_widget.html.erb (Duration: 0.1ms | GC: 0.0ms)
  Rendered layout layouts/application.html.erb (Duration: 5.8ms | GC: 0.0ms)
Completed 200 OK in 11ms (Views: 6.9ms | GC: 0.0ms)


Started GET "/results?stack=student" for ::1 at 2026-09-04 16:14:12 +0100
Processing by PagesController#results as HTML
  Parameters: {"stack"=>"student"}
  Rendering layout layouts/application.html.erb
  Rendering pages/results.html.erb within layouts/application
  Rendered shared/_nav.html.erb (Duration: 0.0ms | GC: 0.0ms)
  Rendered pages/results.html.erb within layouts/application (Duration: 7.5ms | GC: 0.0ms)
  Rendered shared/_chat_widget.html.erb (Duration: 0.0ms | GC: 0.0ms)
  Rendered layout layouts/application.html.erb (Duration: 11.4ms | GC: 0.0ms)
Completed 200 OK in 17ms (Views: 13.1ms | GC: 0.0ms)


Started GET "/results?stack=points-hacker" for ::1 at 2026-09-04 16:14:14 +0100
Processing by PagesController#results as HTML
  Parameters: {"stack"=>"points-hacker"}
  Rendering layout layouts/application.html.erb
  Rendering pages/results.html.erb within layouts/application
  Rendered shared/_nav.html.erb (Duration: 0.0ms | GC: 0.0ms)
  Rendered pages/results.html.erb within layouts/application (Duration: 1.3ms | GC: 0.0ms)
  Rendered shared/_chat_widget.html.erb (Duration: 0.0ms | GC: 0.0ms)
  Rendered layout layouts/application.html.erb (Duration: 3.6ms | GC: 0.0ms)
Completed 200 OK in 13ms (Views: 4.9ms | GC: 0.0ms)


Started GET "/results?stack=everyday" for ::1 at 2026-09-04 16:14:14 +0100
Processing by PagesController#results as HTML
  Parameters: {"stack"=>"everyday"}
  Rendering layout layouts/application.html.erb
  Rendering pages/results.html.erb within layouts/application
  Rendered shared/_nav.html.erb (Duration: 0.0ms | GC: 0.0ms)
  Rendered pages/results.html.erb within layouts/application (Duration: 1.2ms | GC: 0.0ms)
  Rendered shared/_chat_widget.html.erb (Duration: 0.2ms | GC: 0.0ms)
  Rendered layout layouts/application.html.erb (Duration: 6.2ms | GC: 0.0ms)
Completed 200 OK in 10ms (Views: 6.9ms | GC: 0.0ms)


Started GET "/questionnaire" for ::1 at 2026-09-04 16:14:43 +0100
Processing by PagesController#questionnaire as HTML
Started GET "/questionnaire" for ::1 at 2026-09-04 16:14:43 +0100
Processing by PagesController#questionnaire as HTML
  Rendering layout layouts/application.html.erb
  Rendering pages/questionnaire.html.erb within layouts/application
  Rendering layout layouts/application.html.erb
  Rendering pages/questionnaire.html.erb within layouts/application
  Rendered shared/_nav.html.erb (Duration: 0.2ms | GC: 0.0ms)
  Rendered shared/_nav.html.erb (Duration: 0.2ms | GC: 0.0ms)
  Rendered pages/questionnaire.html.erb within layouts/application (Duration: 0.8ms | GC: 0.3ms)
  Rendered pages/questionnaire.html.erb within layouts/application (Duration: 4.7ms | GC: 1.8ms)
  Rendered shared/_chat_widget.html.erb (Duration: 0.4ms | GC: 0.0ms)
  Rendered shared/_chat_widget.html.erb (Duration: 0.3ms | GC: 0.0ms)
  Rendered layout layouts/application.html.erb (Duration: 17.3ms | GC: 2.3ms)
  Rendered layout layouts/application.html.erb (Duration: 13.1ms | GC: 0.4ms)
Completed 200 OK in 42ms (Views: 23.1ms | GC: 13.1ms)


Completed 200 OK in 19ms (Views: 13.6ms | GC: 2.8ms)


Started GET "/wallet" for ::1 at 2026-09-04 16:14:44 +0100
Processing by PagesController#wallet as HTML
  Rendering layout layouts/application.html.erb
  Rendering pages/wallet.html.erb within layouts/application
  Rendered shared/_nav.html.erb (Duration: 0.1ms | GC: 0.0ms)
  Rendered pages/wallet.html.erb within layouts/application (Duration: 1.4ms | GC: 0.0ms)
  Rendered shared/_chat_widget.html.erb (Duration: 0.0ms | GC: 0.0ms)
  Rendered layout layouts/application.html.erb (Duration: 4.7ms | GC: 0.0ms)
Completed 200 OK in 10ms (Views: 5.8ms | GC: 0.0ms)


Started GET "/questionnaire" for ::1 at 2026-09-04 16:14:50 +0100
Processing by PagesController#questionnaire as HTML
  Rendering layout layouts/application.html.erb
  Rendering pages/questionnaire.html.erb within layouts/application
  Rendered shared/_nav.html.erb (Duration: 0.0ms | GC: 0.0ms)
  Rendered pages/questionnaire.html.erb within layouts/application (Duration: 0.9ms | GC: 0.0ms)
  Rendered shared/_chat_widget.html.erb (Duration: 0.1ms | GC: 0.0ms)
  Rendered layout layouts/application.html.erb (Duration: 3.2ms | GC: 0.0ms)
Completed 200 OK in 9ms (Views: 6.1ms | GC: 0.0ms)


Started GET "/" for ::1 at 2026-09-04 16:14:52 +0100
Processing by PagesController#home as HTML
  Rendering layout layouts/application.html.erb
  Rendering pages/home.html.erb within layouts/application
  Rendered shared/_nav.html.erb (Duration: 0.0ms | GC: 0.0ms)
  Rendered pages/home.html.erb within layouts/application (Duration: 1.9ms | GC: 0.0ms)
  Rendered shared/_chat_widget.html.erb (Duration: 0.1ms | GC: 0.0ms)
  Rendered layout layouts/application.html.erb (Duration: 6.5ms | GC: 0.0ms)
Completed 200 OK in 11ms (Views: 7.6ms | GC: 0.0ms)


Started GET "/explore" for ::1 at 2026-09-04 16:14:53 +0100
Processing by PagesController#explore as HTML
  Rendering layout layouts/application.html.erb
  Rendering pages/explore.html.erb within layouts/application
  Rendered shared/_nav.html.erb (Duration: 0.0ms | GC: 0.0ms)
  Rendered pages/explore.html.erb within layouts/application (Duration: 2.8ms | GC: 0.0ms)
  Rendered shared/_chat_widget.html.erb (Duration: 0.1ms | GC: 0.0ms)
  Rendered layout layouts/application.html.erb (Duration: 5.5ms | GC: 0.0ms)
Completed 200 OK in 12ms (Views: 6.9ms | GC: 0.0ms)


Started GET "/questionnaire" for ::1 at 2026-09-04 16:15:02 +0100
Processing by PagesController#questionnaire as HTML
  Rendering layout layouts/application.html.erb
  Rendering pages/questionnaire.html.erb within layouts/application
  Rendered shared/_nav.html.erb (Duration: 0.0ms | GC: 0.0ms)
  Rendered pages/questionnaire.html.erb within layouts/application (Duration: 0.7ms | GC: 0.0ms)
  Rendered shared/_chat_widget.html.erb (Duration: 0.0ms | GC: 0.0ms)
  Rendered layout layouts/application.html.erb (Duration: 3.0ms | GC: 0.0ms)
Completed 200 OK in 7ms (Views: 3.8ms | GC: 0.0ms)


Started GET "/results?credit_band=excellent&life_stage=young_professional&income=30k_50k&existing_cards=few&authorized_user=yes&goal=simplify&preference=points&top_category=groceries&categories%5B%5D=streaming&monthly_spend=2000_4000&foreign_spending=occasionally&loyalty_program=no_preference&perks%5B%5D=travel_insurance&perks%5B%5D=no_foreign_fee&perks%5B%5D=signup_bonus&fee=low&card_network=amex&signup_bonus=nice&card_count=no_limit" for ::1 at 2026-09-04 16:16:28 +0100
Processing by PagesController#results as HTML
  Parameters: {"credit_band"=>"excellent", "life_stage"=>"young_professional", "income"=>"30k_50k", "existing_cards"=>"few", "authorized_user"=>"yes", "goal"=>"simplify", "preference"=>"points", "top_category"=>"groceries", "categories"=>["streaming"], "monthly_spend"=>"2000_4000", "foreign_spending"=>"occasionally", "loyalty_program"=>"no_preference", "perks"=>["travel_insurance", "no_foreign_fee", "signup_bonus"], "fee"=>"low", "card_network"=>"amex", "signup_bonus"=>"nice", "card_count"=>"no_limit"}
  Rendering layout layouts/application.html.erb
  Rendering pages/results.html.erb within layouts/application
  Rendered shared/_nav.html.erb (Duration: 0.0ms | GC: 0.0ms)
  Rendered pages/results.html.erb within layouts/application (Duration: 1.7ms | GC: 0.0ms)
  Rendered shared/_chat_widget.html.erb (Duration: 0.0ms | GC: 0.0ms)
  Rendered layout layouts/application.html.erb (Duration: 2.8ms | GC: 0.0ms)
Completed 200 OK in 24ms (Views: 3.2ms | GC: 0.0ms)


Started GET "/explore" for ::1 at 2026-09-04 16:17:20 +0100
Processing by PagesController#explore as HTML
  Rendering layout layouts/application.html.erb
  Rendering pages/explore.html.erb within layouts/application
  Rendered shared/_nav.html.erb (Duration: 0.2ms | GC: 0.0ms)
  Rendered pages/explore.html.erb within layouts/application (Duration: 4.1ms | GC: 2.3ms)
  Rendered shared/_chat_widget.html.erb (Duration: 0.2ms | GC: 0.0ms)
  Rendered layout layouts/application.html.erb (Duration: 23.8ms | GC: 11.2ms)
Completed 200 OK in 39ms (Views: 27.9ms | GC: 12.9ms)


Started GET "/explore" for ::1 at 2026-09-04 16:17:23 +0100
Processing by PagesController#explore as HTML
  Rendering layout layouts/application.html.erb
  Rendering pages/explore.html.erb within layouts/application
  Rendered shared/_nav.html.erb (Duration: 0.0ms | GC: 0.0ms)
  Rendered pages/explore.html.erb within layouts/application (Duration: 0.6ms | GC: 0.0ms)
  Rendered shared/_chat_widget.html.erb (Duration: 0.0ms | GC: 0.0ms)
  Rendered layout layouts/application.html.erb (Duration: 2.3ms | GC: 0.0ms)
Completed 200 OK in 6ms (Views: 3.2ms | GC: 0.0ms)


Started GET "/" for ::1 at 2026-09-04 16:17:25 +0100
Processing by PagesController#home as HTML
  Rendering layout layouts/application.html.erb
  Rendering pages/home.html.erb within layouts/application
  Rendered shared/_nav.html.erb (Duration: 0.0ms | GC: 0.0ms)
  Rendered pages/home.html.erb within layouts/application (Duration: 0.6ms | GC: 0.0ms)
  Rendered shared/_chat_widget.html.erb (Duration: 0.0ms | GC: 0.0ms)
  Rendered layout layouts/application.html.erb (Duration: 1.3ms | GC: 0.0ms)
Completed 200 OK in 4ms (Views: 2.0ms | GC: 0.0ms)


Started GET "/questionnaire" for ::1 at 2026-09-04 16:19:54 +0100
Processing by PagesController#questionnaire as HTML
  Rendering layout layouts/application.html.erb
  Rendering pages/questionnaire.html.erb within layouts/application
  Rendered shared/_nav.html.erb (Duration: 0.0ms | GC: 0.0ms)
  Rendered pages/questionnaire.html.erb within layouts/application (Duration: 4.5ms | GC: 0.0ms)
  Rendered shared/_chat_widget.html.erb (Duration: 0.0ms | GC: 0.0ms)
  Rendered layout layouts/application.html.erb (Duration: 7.1ms | GC: 0.0ms)
Completed 200 OK in 13ms (Views: 8.4ms | GC: 0.0ms)


Started GET "/questionnaire" for ::1 at 2026-09-04 16:19:56 +0100
Processing by PagesController#questionnaire as HTML
  Rendering layout layouts/application.html.erb
  Rendering pages/questionnaire.html.erb within layouts/application
  Rendered shared/_nav.html.erb (Duration: 0.0ms | GC: 0.0ms)
  Rendered pages/questionnaire.html.erb within layouts/application (Duration: 1.1ms | GC: 0.0ms)
  Rendered shared/_chat_widget.html.erb (Duration: 0.1ms | GC: 0.0ms)
  Rendered layout layouts/application.html.erb (Duration: 4.3ms | GC: 0.0ms)
Completed 200 OK in 10ms (Views: 5.2ms | GC: 0.0ms)


Started GET "/" for ::1 at 2026-09-04 16:19:58 +0100
Processing by PagesController#home as HTML
  Rendering layout layouts/application.html.erb
  Rendering pages/home.html.erb within layouts/application
  Rendered shared/_nav.html.erb (Duration: 0.0ms | GC: 0.0ms)
  Rendered pages/home.html.erb within layouts/application (Duration: 0.5ms | GC: 0.0ms)
  Rendered shared/_chat_widget.html.erb (Duration: 0.1ms | GC: 0.0ms)
  Rendered layout layouts/application.html.erb (Duration: 3.2ms | GC: 0.0ms)
Completed 200 OK in 8ms (Views: 4.3ms | GC: 0.0ms)


Started GET "/results?stack=everyday" for ::1 at 2026-09-04 16:20:00 +0100
Processing by PagesController#results as HTML
  Parameters: {"stack"=>"everyday"}
  Rendering layout layouts/application.html.erb
  Rendering pages/results.html.erb within layouts/application
  Rendered shared/_nav.html.erb (Duration: 0.0ms | GC: 0.0ms)
  Rendered pages/results.html.erb within layouts/application (Duration: 22.8ms | GC: 0.0ms)
  Rendered shared/_chat_widget.html.erb (Duration: 0.0ms | GC: 0.0ms)
  Rendered layout layouts/application.html.erb (Duration: 24.0ms | GC: 0.0ms)
Completed 200 OK in 29ms (Views: 24.7ms | GC: 0.0ms)


Started GET "/explore" for ::1 at 2026-09-04 16:20:07 +0100
Processing by PagesController#explore as HTML
  Rendering layout layouts/application.html.erb
  Rendering pages/explore.html.erb within layouts/application
  Rendered shared/_nav.html.erb (Duration: 0.2ms | GC: 0.0ms)
  Rendered pages/explore.html.erb within layouts/application (Duration: 1.8ms | GC: 0.0ms)
  Rendered shared/_chat_widget.html.erb (Duration: 0.0ms | GC: 0.0ms)
  Rendered layout layouts/application.html.erb (Duration: 4.0ms | GC: 0.0ms)
Completed 200 OK in 9ms (Views: 4.9ms | GC: 0.0ms)


Started GET "/questionnaire" for ::1 at 2026-09-04 16:20:08 +0100
Processing by PagesController#questionnaire as HTML
  Rendering layout layouts/application.html.erb
  Rendering pages/questionnaire.html.erb within layouts/application
  Rendered shared/_nav.html.erb (Duration: 0.0ms | GC: 0.0ms)
  Rendered pages/questionnaire.html.erb within layouts/application (Duration: 0.9ms | GC: 0.0ms)
  Rendered shared/_chat_widget.html.erb (Duration: 0.0ms | GC: 0.0ms)
  Rendered layout layouts/application.html.erb (Duration: 3.7ms | GC: 0.0ms)
Completed 200 OK in 11ms (Views: 4.4ms | GC: 0.0ms)


Started GET "/explore" for ::1 at 2026-09-04 16:20:08 +0100
Processing by PagesController#explore as HTML
  Rendering layout layouts/application.html.erb
  Rendering pages/explore.html.erb within layouts/application
  Rendered shared/_nav.html.erb (Duration: 0.0ms | GC: 0.0ms)
  Rendered pages/explore.html.erb within layouts/application (Duration: 1.1ms | GC: 0.0ms)
  Rendered shared/_chat_widget.html.erb (Duration: 0.0ms | GC: 0.0ms)
  Rendered layout layouts/application.html.erb (Duration: 3.5ms | GC: 0.0ms)
Completed 200 OK in 9ms (Views: 4.5ms | GC: 0.0ms)


Started GET "/questionnaire" for ::1 at 2026-09-04 16:20:16 +0100
Processing by PagesController#questionnaire as HTML
  Rendering layout layouts/application.html.erb
  Rendering pages/questionnaire.html.erb within layouts/application
  Rendered shared/_nav.html.erb (Duration: 0.0ms | GC: 0.0ms)
  Rendered pages/questionnaire.html.erb within layouts/application (Duration: 0.5ms | GC: 0.0ms)
  Rendered shared/_chat_widget.html.erb (Duration: 0.0ms | GC: 0.0ms)
  Rendered layout layouts/application.html.erb (Duration: 2.7ms | GC: 0.0ms)
Completed 200 OK in 6ms (Views: 3.4ms | GC: 0.0ms)


Started GET "/results" for ::1 at 2026-09-04 16:20:17 +0100
Processing by PagesController#results as HTML
  Rendering layout layouts/application.html.erb
  Rendering pages/results.html.erb within layouts/application
  Rendered shared/_nav.html.erb (Duration: 0.0ms | GC: 0.0ms)
  Rendered pages/results.html.erb within layouts/application (Duration: 1.2ms | GC: 0.0ms)
  Rendered shared/_chat_widget.html.erb (Duration: 0.0ms | GC: 0.0ms)
  Rendered layout layouts/application.html.erb (Duration: 10.3ms | GC: 0.0ms)
Completed 200 OK in 25ms (Views: 12.6ms | GC: 0.0ms)


Started GET "/wallet" for ::1 at 2026-09-04 16:20:34 +0100
Processing by PagesController#wallet as HTML
  Rendering layout layouts/application.html.erb
  Rendering pages/wallet.html.erb within layouts/application
  Rendered shared/_nav.html.erb (Duration: 0.0ms | GC: 0.0ms)
  Rendered pages/wallet.html.erb within layouts/application (Duration: 1.9ms | GC: 0.0ms)
  Rendered shared/_chat_widget.html.erb (Duration: 0.0ms | GC: 0.0ms)
  Rendered layout layouts/application.html.erb (Duration: 5.4ms | GC: 0.0ms)
Completed 200 OK in 14ms (Views: 7.1ms | GC: 0.0ms)


Started GET "/cards/market-max" for ::1 at 2026-09-04 16:20:38 +0100
Processing by PagesController#card_detail as HTML
  Parameters: {"id"=>"market-max"}
  Rendering layout layouts/application.html.erb
  Rendering pages/card_detail.html.erb within layouts/application
  Rendered shared/_nav.html.erb (Duration: 0.0ms | GC: 0.0ms)
  Rendered pages/card_detail.html.erb within layouts/application (Duration: 14.2ms | GC: 0.6ms)
  Rendered shared/_chat_widget.html.erb (Duration: 0.0ms | GC: 0.0ms)
  Rendered layout layouts/application.html.erb (Duration: 15.5ms | GC: 1.0ms)
Completed 200 OK in 36ms (Views: 15.9ms | GC: 16.2ms)


Started GET "/cards/market-max" for ::1 at 2026-09-04 16:20:38 +0100
Processing by PagesController#card_detail as HTML
  Parameters: {"id"=>"market-max"}
  Rendering layout layouts/application.html.erb
  Rendering pages/card_detail.html.erb within layouts/application
  Rendered shared/_nav.html.erb (Duration: 0.0ms | GC: 0.0ms)
  Rendered pages/card_detail.html.erb within layouts/application (Duration: 3.5ms | GC: 0.9ms)
  Rendered shared/_chat_widget.html.erb (Duration: 0.0ms | GC: 0.0ms)
  Rendered layout layouts/application.html.erb (Duration: 6.0ms | GC: 0.9ms)
Completed 200 OK in 11ms (Views: 6.9ms | GC: 0.9ms)


Started GET "/wallet" for ::1 at 2026-09-04 16:20:40 +0100
Processing by PagesController#wallet as HTML
  Rendering layout layouts/application.html.erb
  Rendering pages/wallet.html.erb within layouts/application
  Rendered shared/_nav.html.erb (Duration: 0.0ms | GC: 0.0ms)
  Rendered pages/wallet.html.erb within layouts/application (Duration: 0.3ms | GC: 0.0ms)
  Rendered shared/_chat_widget.html.erb (Duration: 0.0ms | GC: 0.0ms)
  Rendered layout layouts/application.html.erb (Duration: 2.5ms | GC: 0.0ms)
Completed 200 OK in 7ms (Views: 3.7ms | GC: 0.0ms)


Started GET "/cards/market-max" for ::1 at 2026-09-04 16:20:44 +0100
Processing by PagesController#card_detail as HTML
  Parameters: {"id"=>"market-max"}
  Rendering layout layouts/application.html.erb
  Rendering pages/card_detail.html.erb within layouts/application
  Rendered shared/_nav.html.erb (Duration: 0.0ms | GC: 0.0ms)
  Rendered pages/card_detail.html.erb within layouts/application (Duration: 6.2ms | GC: 0.8ms)
  Rendered shared/_chat_widget.html.erb (Duration: 0.0ms | GC: 0.0ms)
  Rendered layout layouts/application.html.erb (Duration: 10.0ms | GC: 0.8ms)
Completed 200 OK in 14ms (Views: 10.8ms | GC: 0.8ms)


Started GET "/cards/discover-student-flex" for ::1 at 2026-09-04 16:20:45 +0100
Processing by PagesController#card_detail as HTML
  Parameters: {"id"=>"discover-student-flex"}
  Rendering layout layouts/application.html.erb
  Rendering pages/card_detail.html.erb within layouts/application
  Rendered shared/_nav.html.erb (Duration: 0.0ms | GC: 0.0ms)
  Rendered pages/card_detail.html.erb within layouts/application (Duration: 3.2ms | GC: 0.0ms)
  Rendered shared/_chat_widget.html.erb (Duration: 0.0ms | GC: 0.0ms)
  Rendered layout layouts/application.html.erb (Duration: 7.6ms | GC: 0.0ms)
Completed 200 OK in 15ms (Views: 8.7ms | GC: 0.0ms)


Started GET "/cards/discover-student-flex" for ::1 at 2026-09-04 16:20:45 +0100
Processing by PagesController#card_detail as HTML
  Parameters: {"id"=>"discover-student-flex"}
  Rendering layout layouts/application.html.erb
  Rendering pages/card_detail.html.erb within layouts/application
  Rendered shared/_nav.html.erb (Duration: 0.0ms | GC: 0.0ms)
  Rendered pages/card_detail.html.erb within layouts/application (Duration: 2.0ms | GC: 0.0ms)
  Rendered shared/_chat_widget.html.erb (Duration: 0.0ms | GC: 0.0ms)
  Rendered layout layouts/application.html.erb (Duration: 4.5ms | GC: 0.0ms)
Completed 200 OK in 11ms (Views: 5.6ms | GC: 0.4ms)


Started GET "/cards/family-shopper" for ::1 at 2026-09-04 16:20:57 +0100
Processing by PagesController#card_detail as HTML
  Parameters: {"id"=>"family-shopper"}
  Rendering layout layouts/application.html.erb
  Rendering pages/card_detail.html.erb within layouts/application
  Rendered shared/_nav.html.erb (Duration: 0.1ms | GC: 0.0ms)
  Rendered pages/card_detail.html.erb within layouts/application (Duration: 1.2ms | GC: 0.0ms)
  Rendered shared/_chat_widget.html.erb (Duration: 0.1ms | GC: 0.0ms)
  Rendered layout layouts/application.html.erb (Duration: 4.1ms | GC: 0.0ms)
Completed 200 OK in 10ms (Views: 6.1ms | GC: 0.4ms)


Started GET "/questionnaire" for ::1 at 2026-09-04 16:21:00 +0100
Processing by PagesController#questionnaire as HTML
  Rendering layout layouts/application.html.erb
  Rendering pages/questionnaire.html.erb within layouts/application
  Rendered shared/_nav.html.erb (Duration: 0.0ms | GC: 0.0ms)
  Rendered pages/questionnaire.html.erb within layouts/application (Duration: 1.1ms | GC: 0.0ms)
  Rendered shared/_chat_widget.html.erb (Duration: 0.0ms | GC: 0.0ms)
  Rendered layout layouts/application.html.erb (Duration: 4.0ms | GC: 0.3ms)
Completed 200 OK in 8ms (Views: 4.7ms | GC: 0.3ms)


Started GET "/" for ::1 at 2026-09-04 16:21:03 +0100
Processing by PagesController#home as HTML
  Rendering layout layouts/application.html.erb
  Rendering pages/home.html.erb within layouts/application
  Rendered shared/_nav.html.erb (Duration: 0.1ms | GC: 0.0ms)
  Rendered pages/home.html.erb within layouts/application (Duration: 1.3ms | GC: 0.0ms)
  Rendered shared/_chat_widget.html.erb (Duration: 0.0ms | GC: 0.0ms)
  Rendered layout layouts/application.html.erb (Duration: 3.4ms | GC: 0.0ms)
Completed 200 OK in 9ms (Views: 6.5ms | GC: 0.0ms)


Started GET "/explore" for ::1 at 2026-09-04 16:21:06 +0100
Processing by PagesController#explore as HTML
  Rendering layout layouts/application.html.erb
  Rendering pages/explore.html.erb within layouts/application
  Rendered shared/_nav.html.erb (Duration: 0.2ms | GC: 0.0ms)
  Rendered pages/explore.html.erb within layouts/application (Duration: 1.4ms | GC: 0.0ms)
  Rendered shared/_chat_widget.html.erb (Duration: 0.0ms | GC: 0.0ms)
  Rendered layout layouts/application.html.erb (Duration: 4.2ms | GC: 0.0ms)
Completed 200 OK in 9ms (Views: 5.1ms | GC: 0.0ms)


Started GET "/" for ::1 at 2026-09-04 16:21:10 +0100
Processing by PagesController#home as HTML
  Rendering layout layouts/application.html.erb
  Rendering pages/home.html.erb within layouts/application
  Rendered shared/_nav.html.erb (Duration: 0.0ms | GC: 0.0ms)
  Rendered pages/home.html.erb within layouts/application (Duration: 0.3ms | GC: 0.0ms)
  Rendered shared/_chat_widget.html.erb (Duration: 0.1ms | GC: 0.0ms)
  Rendered layout layouts/application.html.erb (Duration: 2.9ms | GC: 0.0ms)
Completed 200 OK in 8ms (Views: 4.0ms | GC: 0.0ms)


Started GET "/results?stack=points-hacker" for ::1 at 2026-09-04 16:21:11 +0100
Processing by PagesController#results as HTML
  Parameters: {"stack"=>"points-hacker"}
  Rendering layout layouts/application.html.erb
  Rendering pages/results.html.erb within layouts/application
  Rendered shared/_nav.html.erb (Duration: 0.0ms | GC: 0.0ms)
  Rendered pages/results.html.erb within layouts/application (Duration: 1.5ms | GC: 0.0ms)
  Rendered shared/_chat_widget.html.erb (Duration: 0.0ms | GC: 0.0ms)
  Rendered layout layouts/application.html.erb (Duration: 3.2ms | GC: 0.0ms)
Completed 200 OK in 8ms (Views: 3.9ms | GC: 0.0ms)


Started GET "/results?stack=traveller" for ::1 at 2026-09-04 16:21:13 +0100
Processing by PagesController#results as HTML
  Parameters: {"stack"=>"traveller"}
  Rendering layout layouts/application.html.erb
  Rendering pages/results.html.erb within layouts/application
  Rendered shared/_nav.html.erb (Duration: 0.0ms | GC: 0.0ms)
  Rendered pages/results.html.erb within layouts/application (Duration: 1.5ms | GC: 0.0ms)
  Rendered shared/_chat_widget.html.erb (Duration: 0.0ms | GC: 0.0ms)
  Rendered layout layouts/application.html.erb (Duration: 3.6ms | GC: 0.0ms)
Completed 200 OK in 8ms (Views: 4.4ms | GC: 0.0ms)


Started GET "/" for ::1 at 2026-09-04 16:21:14 +0100
Processing by PagesController#home as HTML
  Rendering layout layouts/application.html.erb
  Rendering pages/home.html.erb within layouts/application
  Rendered shared/_nav.html.erb (Duration: 0.0ms | GC: 0.0ms)
  Rendered pages/home.html.erb within layouts/application (Duration: 0.3ms | GC: 0.0ms)
  Rendered shared/_chat_widget.html.erb (Duration: 0.0ms | GC: 0.0ms)
  Rendered layout layouts/application.html.erb (Duration: 3.9ms | GC: 0.0ms)
Completed 200 OK in 13ms (Views: 6.2ms | GC: 0.0ms)


Started GET "/results?stack=everyday" for ::1 at 2026-09-04 16:21:16 +0100
Processing by PagesController#results as HTML
  Parameters: {"stack"=>"everyday"}
  Rendering layout layouts/application.html.erb
  Rendering pages/results.html.erb within layouts/application
  Rendered shared/_nav.html.erb (Duration: 0.0ms | GC: 0.0ms)
  Rendered pages/results.html.erb within layouts/application (Duration: 1.6ms | GC: 0.0ms)
  Rendered shared/_chat_widget.html.erb (Duration: 0.0ms | GC: 0.0ms)
  Rendered layout layouts/application.html.erb (Duration: 5.3ms | GC: 0.0ms)
Completed 200 OK in 9ms (Views: 6.0ms | GC: 0.0ms)


Started GET "/results?stack=everyday" for ::1 at 2026-09-04 16:21:17 +0100
Processing by PagesController#results as HTML
  Parameters: {"stack"=>"everyday"}
  Rendering layout layouts/application.html.erb
  Rendering pages/results.html.erb within layouts/application
  Rendered shared/_nav.html.erb (Duration: 0.0ms | GC: 0.0ms)
  Rendered pages/results.html.erb within layouts/application (Duration: 0.3ms | GC: 0.0ms)
  Rendered shared/_chat_widget.html.erb (Duration: 0.0ms | GC: 0.0ms)
  Rendered layout layouts/application.html.erb (Duration: 1.1ms | GC: 0.0ms)
Completed 200 OK in 17ms (Views: 1.4ms | GC: 9.8ms)


Started GET "/results?stack=traveller" for ::1 at 2026-09-04 16:21:17 +0100
Processing by PagesController#results as HTML
  Parameters: {"stack"=>"traveller"}
  Rendering layout layouts/application.html.erb
  Rendering pages/results.html.erb within layouts/application
  Rendered shared/_nav.html.erb (Duration: 0.0ms | GC: 0.0ms)
  Rendered pages/results.html.erb within layouts/application (Duration: 1.1ms | GC: 0.0ms)
  Rendered shared/_chat_widget.html.erb (Duration: 0.0ms | GC: 0.0ms)
  Rendered layout layouts/application.html.erb (Duration: 3.4ms | GC: 0.7ms)
Completed 200 OK in 10ms (Views: 4.0ms | GC: 0.7ms)


Started GET "/" for ::1 at 2026-09-04 16:21:23 +0100
Processing by PagesController#home as HTML
  Rendering layout layouts/application.html.erb
  Rendering pages/home.html.erb within layouts/application
  Rendered shared/_nav.html.erb (Duration: 0.0ms | GC: 0.0ms)
  Rendered pages/home.html.erb within layouts/application (Duration: 0.1ms | GC: 0.0ms)
  Rendered shared/_chat_widget.html.erb (Duration: 0.0ms | GC: 0.0ms)
  Rendered layout layouts/application.html.erb (Duration: 0.9ms | GC: 0.2ms)
Completed 200 OK in 2ms (Views: 1.2ms | GC: 0.2ms)


Started GET "/results?stack=student" for ::1 at 2026-09-04 16:21:24 +0100
Processing by PagesController#results as HTML
  Parameters: {"stack"=>"student"}
  Rendering layout layouts/application.html.erb
  Rendering pages/results.html.erb within layouts/application
  Rendered shared/_nav.html.erb (Duration: 0.0ms | GC: 0.0ms)
  Rendered pages/results.html.erb within layouts/application (Duration: 1.0ms | GC: 0.0ms)
  Rendered shared/_chat_widget.html.erb (Duration: 0.0ms | GC: 0.0ms)
  Rendered layout layouts/application.html.erb (Duration: 2.5ms | GC: 0.0ms)
Completed 200 OK in 7ms (Views: 3.2ms | GC: 0.0ms)


Started GET "/results?stack=cashback-maximiser" for ::1 at 2026-09-04 16:21:24 +0100
Processing by PagesController#results as HTML
  Parameters: {"stack"=>"cashback-maximiser"}
  Rendering layout layouts/application.html.erb
  Rendering pages/results.html.erb within layouts/application
  Rendered shared/_nav.html.erb (Duration: 0.0ms | GC: 0.0ms)
  Rendered pages/results.html.erb within layouts/application (Duration: 1.6ms | GC: 0.0ms)
  Rendered shared/_chat_widget.html.erb (Duration: 0.0ms | GC: 0.0ms)
  Rendered layout layouts/application.html.erb (Duration: 4.2ms | GC: 0.0ms)
Completed 200 OK in 10ms (Views: 5.1ms | GC: 0.0ms)


Started GET "/results?stack=traveller" for ::1 at 2026-09-04 16:21:25 +0100
Processing by PagesController#results as HTML
  Parameters: {"stack"=>"traveller"}
  Rendering layout layouts/application.html.erb
  Rendering pages/results.html.erb within layouts/application
  Rendered shared/_nav.html.erb (Duration: 0.0ms | GC: 0.0ms)
  Rendered pages/results.html.erb within layouts/application (Duration: 2.4ms | GC: 0.0ms)
  Rendered shared/_chat_widget.html.erb (Duration: 0.0ms | GC: 0.0ms)
  Rendered layout layouts/application.html.erb (Duration: 5.4ms | GC: 0.0ms)
Completed 200 OK in 10ms (Views: 6.8ms | GC: 0.3ms)


Started GET "/results?stack=everyday" for ::1 at 2026-09-04 16:21:26 +0100
Processing by PagesController#results as HTML
  Parameters: {"stack"=>"everyday"}
  Rendering layout layouts/application.html.erb
  Rendering pages/results.html.erb within layouts/application
  Rendered shared/_nav.html.erb (Duration: 0.0ms | GC: 0.0ms)
  Rendered pages/results.html.erb within layouts/application (Duration: 0.6ms | GC: 0.0ms)
  Rendered shared/_chat_widget.html.erb (Duration: 0.0ms | GC: 0.0ms)
  Rendered layout layouts/application.html.erb (Duration: 1.6ms | GC: 0.0ms)
Completed 200 OK in 5ms (Views: 2.2ms | GC: 0.3ms)


Started GET "/results?stack=traveller" for ::1 at 2026-09-04 16:21:26 +0100
Processing by PagesController#results as HTML
  Parameters: {"stack"=>"traveller"}
  Rendering layout layouts/application.html.erb
  Rendering pages/results.html.erb within layouts/application
  Rendered shared/_nav.html.erb (Duration: 0.1ms | GC: 0.0ms)
  Rendered pages/results.html.erb within layouts/application (Duration: 1.4ms | GC: 0.0ms)
  Rendered shared/_chat_widget.html.erb (Duration: 0.0ms | GC: 0.0ms)
  Rendered layout layouts/application.html.erb (Duration: 3.4ms | GC: 0.0ms)
Completed 200 OK in 8ms (Views: 4.4ms | GC: 0.3ms)


Started GET "/results?stack=points-hacker" for ::1 at 2026-09-04 16:21:37 +0100
Processing by PagesController#results as HTML
  Parameters: {"stack"=>"points-hacker"}
  Rendering layout layouts/application.html.erb
  Rendering pages/results.html.erb within layouts/application
  Rendered shared/_nav.html.erb (Duration: 0.0ms | GC: 0.0ms)
  Rendered pages/results.html.erb within layouts/application (Duration: 0.8ms | GC: 0.0ms)
  Rendered shared/_chat_widget.html.erb (Duration: 0.0ms | GC: 0.0ms)
  Rendered layout layouts/application.html.erb (Duration: 4.9ms | GC: 0.3ms)
Completed 200 OK in 9ms (Views: 5.7ms | GC: 0.3ms)


Started GET "/wallet" for ::1 at 2026-09-04 16:21:45 +0100
Processing by PagesController#wallet as HTML
  Rendering layout layouts/application.html.erb
  Rendering pages/wallet.html.erb within layouts/application
  Rendered shared/_nav.html.erb (Duration: 0.0ms | GC: 0.0ms)
  Rendered pages/wallet.html.erb within layouts/application (Duration: 0.8ms | GC: 0.3ms)
  Rendered shared/_chat_widget.html.erb (Duration: 0.1ms | GC: 0.0ms)
  Rendered layout layouts/application.html.erb (Duration: 4.1ms | GC: 0.3ms)
Completed 200 OK in 11ms (Views: 5.0ms | GC: 0.3ms)


Started GET "/explore" for ::1 at 2026-09-04 16:21:51 +0100
Processing by PagesController#explore as HTML
  Rendering layout layouts/application.html.erb
  Rendering pages/explore.html.erb within layouts/application
  Rendered shared/_nav.html.erb (Duration: 0.0ms | GC: 0.0ms)
  Rendered pages/explore.html.erb within layouts/application (Duration: 1.3ms | GC: 0.0ms)
  Rendered shared/_chat_widget.html.erb (Duration: 0.0ms | GC: 0.0ms)
  Rendered layout layouts/application.html.erb (Duration: 3.3ms | GC: 0.0ms)
Completed 200 OK in 7ms (Views: 4.1ms | GC: 0.0ms)


Started GET "/" for ::1 at 2026-09-04 16:21:53 +0100
Processing by PagesController#home as HTML
  Rendering layout layouts/application.html.erb
  Rendering pages/home.html.erb within layouts/application
  Rendered shared/_nav.html.erb (Duration: 0.1ms | GC: 0.0ms)
  Rendered pages/home.html.erb within layouts/application (Duration: 0.7ms | GC: 0.0ms)
  Rendered shared/_chat_widget.html.erb (Duration: 0.0ms | GC: 0.0ms)
  Rendered layout layouts/application.html.erb (Duration: 4.0ms | GC: 0.0ms)
Completed 200 OK in 9ms (Views: 5.5ms | GC: 0.0ms)


Started GET "/results?stack=points-hacker" for ::1 at 2026-09-04 16:21:56 +0100
Processing by PagesController#results as HTML
  Parameters: {"stack"=>"points-hacker"}
  Rendering layout layouts/application.html.erb
  Rendering pages/results.html.erb within layouts/application
  Rendered shared/_nav.html.erb (Duration: 0.0ms | GC: 0.0ms)
  Rendered pages/results.html.erb within layouts/application (Duration: 1.2ms | GC: 0.0ms)
  Rendered shared/_chat_widget.html.erb (Duration: 0.1ms | GC: 0.0ms)
  Rendered layout layouts/application.html.erb (Duration: 3.3ms | GC: 0.0ms)
Completed 200 OK in 10ms (Views: 4.3ms | GC: 0.0ms)


Started GET "/results?stack=points-hacker" for ::1 at 2026-09-04 16:21:57 +0100
Processing by PagesController#results as HTML
  Parameters: {"stack"=>"points-hacker"}
  Rendering layout layouts/application.html.erb
  Rendering pages/results.html.erb within layouts/application
  Rendered shared/_nav.html.erb (Duration: 0.1ms | GC: 0.0ms)
  Rendered pages/results.html.erb within layouts/application (Duration: 1.0ms | GC: 0.0ms)
  Rendered shared/_chat_widget.html.erb (Duration: 0.0ms | GC: 0.0ms)
  Rendered layout layouts/application.html.erb (Duration: 4.1ms | GC: 0.0ms)
Completed 200 OK in 9ms (Views: 4.8ms | GC: 0.0ms)


Started GET "/" for ::1 at 2026-09-04 16:22:00 +0100
Processing by PagesController#home as HTML
  Rendering layout layouts/application.html.erb
  Rendering pages/home.html.erb within layouts/application
  Rendered shared/_nav.html.erb (Duration: 0.0ms | GC: 0.0ms)
  Rendered pages/home.html.erb within layouts/application (Duration: 0.4ms | GC: 0.0ms)
  Rendered shared/_chat_widget.html.erb (Duration: 0.0ms | GC: 0.0ms)
  Rendered layout layouts/application.html.erb (Duration: 2.9ms | GC: 0.0ms)
Completed 200 OK in 8ms (Views: 4.3ms | GC: 0.0ms)


Started GET "/results?stack=student" for ::1 at 2026-09-04 16:22:01 +0100
Processing by PagesController#results as HTML
  Parameters: {"stack"=>"student"}
  Rendering layout layouts/application.html.erb
  Rendering pages/results.html.erb within layouts/application
  Rendered shared/_nav.html.erb (Duration: 0.0ms | GC: 0.0ms)
  Rendered pages/results.html.erb within layouts/application (Duration: 2.3ms | GC: 0.0ms)
  Rendered shared/_chat_widget.html.erb (Duration: 0.0ms | GC: 0.0ms)
  Rendered layout layouts/application.html.erb (Duration: 5.3ms | GC: 0.0ms)
Completed 200 OK in 12ms (Views: 6.0ms | GC: 0.0ms)


Started GET "/questionnaire" for ::1 at 2026-09-04 16:22:03 +0100
Processing by PagesController#questionnaire as HTML
  Rendering layout layouts/application.html.erb
  Rendering pages/questionnaire.html.erb within layouts/application
  Rendered shared/_nav.html.erb (Duration: 0.0ms | GC: 0.0ms)
  Rendered pages/questionnaire.html.erb within layouts/application (Duration: 1.0ms | GC: 0.0ms)
  Rendered shared/_chat_widget.html.erb (Duration: 0.0ms | GC: 0.0ms)
  Rendered layout layouts/application.html.erb (Duration: 3.0ms | GC: 0.0ms)
Completed 200 OK in 7ms (Views: 3.8ms | GC: 0.0ms)


Started GET "/explore" for ::1 at 2026-09-04 16:22:04 +0100
Processing by PagesController#explore as HTML
  Rendering layout layouts/application.html.erb
  Rendering pages/explore.html.erb within layouts/application
  Rendered shared/_nav.html.erb (Duration: 0.0ms | GC: 0.0ms)
  Rendered pages/explore.html.erb within layouts/application (Duration: 0.2ms | GC: 0.0ms)
  Rendered shared/_chat_widget.html.erb (Duration: 0.0ms | GC: 0.0ms)
  Rendered layout layouts/application.html.erb (Duration: 0.9ms | GC: 0.0ms)
Completed 200 OK in 2ms (Views: 1.1ms | GC: 0.0ms)


Started GET "/" for ::1 at 2026-09-04 16:22:06 +0100
Processing by PagesController#home as HTML
  Rendering layout layouts/application.html.erb
  Rendering pages/home.html.erb within layouts/application
  Rendered shared/_nav.html.erb (Duration: 0.0ms | GC: 0.0ms)
  Rendered pages/home.html.erb within layouts/application (Duration: 0.3ms | GC: 0.0ms)
  Rendered shared/_chat_widget.html.erb (Duration: 0.0ms | GC: 0.0ms)
  Rendered layout layouts/application.html.erb (Duration: 2.2ms | GC: 0.0ms)
Completed 200 OK in 7ms (Views: 3.1ms | GC: 0.0ms)


Started GET "/results?stack=traveller" for ::1 at 2026-09-04 16:22:07 +0100
Processing by PagesController#results as HTML
  Parameters: {"stack"=>"traveller"}
  Rendering layout layouts/application.html.erb
  Rendering pages/results.html.erb within layouts/application
  Rendered shared/_nav.html.erb (Duration: 0.0ms | GC: 0.0ms)
  Rendered pages/results.html.erb within layouts/application (Duration: 0.8ms | GC: 0.0ms)
  Rendered shared/_chat_widget.html.erb (Duration: 0.0ms | GC: 0.0ms)
  Rendered layout layouts/application.html.erb (Duration: 2.6ms | GC: 0.3ms)
Completed 200 OK in 7ms (Views: 3.7ms | GC: 0.3ms)


Started GET "/results?stack=everyday" for ::1 at 2026-09-04 16:22:08 +0100
Processing by PagesController#results as HTML
  Parameters: {"stack"=>"everyday"}
  Rendering layout layouts/application.html.erb
  Rendering pages/results.html.erb within layouts/application
  Rendered shared/_nav.html.erb (Duration: 0.0ms | GC: 0.0ms)
  Rendered pages/results.html.erb within layouts/application (Duration: 0.9ms | GC: 0.0ms)
  Rendered shared/_chat_widget.html.erb (Duration: 0.0ms | GC: 0.0ms)
  Rendered layout layouts/application.html.erb (Duration: 2.6ms | GC: 0.0ms)
Completed 200 OK in 11ms (Views: 3.6ms | GC: 0.0ms)


Started GET "/results?stack=points-hacker" for ::1 at 2026-09-04 16:22:08 +0100
Processing by PagesController#results as HTML
  Parameters: {"stack"=>"points-hacker"}
  Rendering layout layouts/application.html.erb
  Rendering pages/results.html.erb within layouts/application
  Rendered shared/_nav.html.erb (Duration: 0.1ms | GC: 0.0ms)
  Rendered pages/results.html.erb within layouts/application (Duration: 1.1ms | GC: 0.0ms)
  Rendered shared/_chat_widget.html.erb (Duration: 0.0ms | GC: 0.0ms)
  Rendered layout layouts/application.html.erb (Duration: 3.5ms | GC: 0.0ms)
Completed 200 OK in 10ms (Views: 6.5ms | GC: 0.0ms)


Started GET "/" for ::1 at 2026-09-04 16:23:23 +0100
Processing by PagesController#home as HTML
  Rendering layout layouts/application.html.erb
  Rendering pages/home.html.erb within layouts/application
  Rendered shared/_nav.html.erb (Duration: 0.0ms | GC: 0.0ms)
  Rendered pages/home.html.erb within layouts/application (Duration: 0.1ms | GC: 0.0ms)
  Rendered shared/_chat_widget.html.erb (Duration: 0.0ms | GC: 0.0ms)
  Rendered layout layouts/application.html.erb (Duration: 0.8ms | GC: 0.0ms)
Completed 200 OK in 3ms (Views: 1.2ms | GC: 0.0ms)


Started GET "/results?stack=cashback-maximiser" for ::1 at 2026-09-04 16:23:24 +0100
Processing by PagesController#results as HTML
  Parameters: {"stack"=>"cashback-maximiser"}
  Rendering layout layouts/application.html.erb
  Rendering pages/results.html.erb within layouts/application
  Rendered shared/_nav.html.erb (Duration: 0.6ms | GC: 0.0ms)
  Rendered pages/results.html.erb within layouts/application (Duration: 2.9ms | GC: 0.0ms)
  Rendered shared/_chat_widget.html.erb (Duration: 0.0ms | GC: 0.0ms)
  Rendered layout layouts/application.html.erb (Duration: 6.0ms | GC: 0.0ms)
Completed 200 OK in 15ms (Views: 7.1ms | GC: 0.5ms)


Started GET "/results?stack=student" for ::1 at 2026-09-04 16:23:25 +0100
Processing by PagesController#results as HTML
  Parameters: {"stack"=>"student"}
  Rendering layout layouts/application.html.erb
  Rendering pages/results.html.erb within layouts/application
  Rendered shared/_nav.html.erb (Duration: 0.0ms | GC: 0.0ms)
  Rendered pages/results.html.erb within layouts/application (Duration: 2.8ms | GC: 0.0ms)
  Rendered shared/_chat_widget.html.erb (Duration: 0.1ms | GC: 0.0ms)
  Rendered layout layouts/application.html.erb (Duration: 5.1ms | GC: 0.0ms)
Completed 200 OK in 9ms (Views: 6.8ms | GC: 0.4ms)


Started GET "/results?stack=everyday" for ::1 at 2026-09-04 16:23:26 +0100
Processing by PagesController#results as HTML
  Parameters: {"stack"=>"everyday"}
  Rendering layout layouts/application.html.erb
  Rendering pages/results.html.erb within layouts/application
  Rendered shared/_nav.html.erb (Duration: 0.0ms | GC: 0.0ms)
  Rendered pages/results.html.erb within layouts/application (Duration: 2.1ms | GC: 0.0ms)
  Rendered shared/_chat_widget.html.erb (Duration: 0.0ms | GC: 0.0ms)
  Rendered layout layouts/application.html.erb (Duration: 5.3ms | GC: 0.4ms)
Completed 200 OK in 10ms (Views: 6.8ms | GC: 0.4ms)


Started GET "/wallet" for ::1 at 2026-09-04 16:23:32 +0100
Processing by PagesController#wallet as HTML
  Rendering layout layouts/application.html.erb
  Rendering pages/wallet.html.erb within layouts/application
  Rendered shared/_nav.html.erb (Duration: 0.0ms | GC: 0.0ms)
  Rendered pages/wallet.html.erb within layouts/application (Duration: 0.2ms | GC: 0.0ms)
  Rendered shared/_chat_widget.html.erb (Duration: 0.1ms | GC: 0.0ms)
  Rendered layout layouts/application.html.erb (Duration: 2.7ms | GC: 0.3ms)
Completed 200 OK in 8ms (Views: 3.6ms | GC: 0.3ms)


Started GET "/cards/weekend-card" for ::1 at 2026-09-04 16:23:39 +0100
Processing by PagesController#card_detail as HTML
  Parameters: {"id"=>"weekend-card"}
  Rendering layout layouts/application.html.erb
  Rendering pages/card_detail.html.erb within layouts/application
  Rendered shared/_nav.html.erb (Duration: 0.0ms | GC: 0.0ms)
  Rendered pages/card_detail.html.erb within layouts/application (Duration: 2.1ms | GC: 0.0ms)
  Rendered shared/_chat_widget.html.erb (Duration: 0.0ms | GC: 0.0ms)
  Rendered layout layouts/application.html.erb (Duration: 3.6ms | GC: 0.0ms)
Completed 200 OK in 11ms (Views: 5.3ms | GC: 0.0ms)


Started GET "/cards/weekend-card" for ::1 at 2026-09-04 16:23:39 +0100
Processing by PagesController#card_detail as HTML
  Parameters: {"id"=>"weekend-card"}
  Rendering layout layouts/application.html.erb
  Rendering pages/card_detail.html.erb within layouts/application
  Rendered shared/_nav.html.erb (Duration: 0.0ms | GC: 0.0ms)
  Rendered pages/card_detail.html.erb within layouts/application (Duration: 0.5ms | GC: 0.0ms)
  Rendered shared/_chat_widget.html.erb (Duration: 0.0ms | GC: 0.0ms)
  Rendered layout layouts/application.html.erb (Duration: 1.7ms | GC: 0.0ms)
Completed 200 OK in 3ms (Views: 2.0ms | GC: 0.0ms)


Started GET "/" for ::1 at 2026-09-04 16:23:45 +0100
Processing by PagesController#home as HTML
  Rendering layout layouts/application.html.erb
  Rendering pages/home.html.erb within layouts/application
  Rendered shared/_nav.html.erb (Duration: 0.0ms | GC: 0.0ms)
  Rendered pages/home.html.erb within layouts/application (Duration: 0.1ms | GC: 0.0ms)
  Rendered shared/_chat_widget.html.erb (Duration: 0.0ms | GC: 0.0ms)
  Rendered layout layouts/application.html.erb (Duration: 1.3ms | GC: 0.0ms)
Completed 200 OK in 3ms (Views: 1.8ms | GC: 0.0ms)


Started GET "/explore" for ::1 at 2026-09-04 16:23:45 +0100
Processing by PagesController#explore as HTML
  Rendering layout layouts/application.html.erb
  Rendering pages/explore.html.erb within layouts/application
  Rendered shared/_nav.html.erb (Duration: 0.0ms | GC: 0.0ms)
  Rendered pages/explore.html.erb within layouts/application (Duration: 1.2ms | GC: 0.0ms)
  Rendered shared/_chat_widget.html.erb (Duration: 0.0ms | GC: 0.0ms)
  Rendered layout layouts/application.html.erb (Duration: 3.7ms | GC: 0.0ms)
Completed 200 OK in 8ms (Views: 4.5ms | GC: 0.0ms)


Started GET "/questionnaire" for ::1 at 2026-09-04 16:23:52 +0100
Processing by PagesController#questionnaire as HTML
  Rendering layout layouts/application.html.erb
  Rendering pages/questionnaire.html.erb within layouts/application
  Rendered shared/_nav.html.erb (Duration: 0.0ms | GC: 0.0ms)
  Rendered pages/questionnaire.html.erb within layouts/application (Duration: 0.9ms | GC: 0.0ms)
  Rendered shared/_chat_widget.html.erb (Duration: 0.0ms | GC: 0.0ms)
  Rendered layout layouts/application.html.erb (Duration: 3.9ms | GC: 0.0ms)
Completed 200 OK in 10ms (Views: 4.9ms | GC: 0.0ms)


Started GET "/questionnaire" for ::1 at 2026-09-04 16:23:53 +0100
Processing by PagesController#questionnaire as HTML
  Rendering layout layouts/application.html.erb
  Rendering pages/questionnaire.html.erb within layouts/application
  Rendered shared/_nav.html.erb (Duration: 0.0ms | GC: 0.0ms)
  Rendered pages/questionnaire.html.erb within layouts/application (Duration: 0.3ms | GC: 0.0ms)
  Rendered shared/_chat_widget.html.erb (Duration: 0.0ms | GC: 0.0ms)
  Rendered layout layouts/application.html.erb (Duration: 1.1ms | GC: 0.0ms)
Completed 200 OK in 2ms (Views: 1.4ms | GC: 0.0ms)


Started GET "/" for ::1 at 2026-09-04 16:23:56 +0100
Processing by PagesController#home as HTML
  Rendering layout layouts/application.html.erb
  Rendering pages/home.html.erb within layouts/application
  Rendered shared/_nav.html.erb (Duration: 0.0ms | GC: 0.0ms)
  Rendered pages/home.html.erb within layouts/application (Duration: 0.3ms | GC: 0.0ms)
  Rendered shared/_chat_widget.html.erb (Duration: 0.0ms | GC: 0.0ms)
  Rendered layout layouts/application.html.erb (Duration: 2.8ms | GC: 0.0ms)
Completed 200 OK in 6ms (Views: 3.8ms | GC: 0.0ms)


Started GET "/questionnaire" for ::1 at 2026-09-04 16:24:01 +0100
Processing by PagesController#questionnaire as HTML
  Rendering layout layouts/application.html.erb
  Rendering pages/questionnaire.html.erb within layouts/application
  Rendered shared/_nav.html.erb (Duration: 0.0ms | GC: 0.0ms)
  Rendered pages/questionnaire.html.erb within layouts/application (Duration: 0.8ms | GC: 0.0ms)
  Rendered shared/_chat_widget.html.erb (Duration: 0.1ms | GC: 0.0ms)
  Rendered layout layouts/application.html.erb (Duration: 4.6ms | GC: 1.0ms)
Completed 200 OK in 9ms (Views: 5.3ms | GC: 1.0ms)


Started GET "/" for ::1 at 2026-09-04 16:24:04 +0100
Processing by PagesController#home as HTML
  Rendering layout layouts/application.html.erb
  Rendering pages/home.html.erb within layouts/application
  Rendered shared/_nav.html.erb (Duration: 0.2ms | GC: 0.0ms)
  Rendered pages/home.html.erb within layouts/application (Duration: 1.2ms | GC: 0.0ms)
  Rendered shared/_chat_widget.html.erb (Duration: 0.0ms | GC: 0.0ms)
  Rendered layout layouts/application.html.erb (Duration: 3.8ms | GC: 0.8ms)
Completed 200 OK in 9ms (Views: 4.6ms | GC: 0.8ms)


Started GET "/" for ::1 at 2026-09-04 16:24:10 +0100
Processing by PagesController#home as HTML
  Rendering layout layouts/application.html.erb
  Rendering pages/home.html.erb within layouts/application
  Rendered shared/_nav.html.erb (Duration: 0.0ms | GC: 0.0ms)
  Rendered pages/home.html.erb within layouts/application (Duration: 0.4ms | GC: 0.0ms)
  Rendered shared/_chat_widget.html.erb (Duration: 0.0ms | GC: 0.0ms)
  Rendered layout layouts/application.html.erb (Duration: 2.3ms | GC: 0.0ms)
Completed 200 OK in 6ms (Views: 3.0ms | GC: 0.6ms)


Started GET "/wallet" for ::1 at 2026-09-04 16:24:18 +0100
Processing by PagesController#wallet as HTML
  Rendering layout layouts/application.html.erb
  Rendering pages/wallet.html.erb within layouts/application
  Rendered shared/_nav.html.erb (Duration: 0.0ms | GC: 0.0ms)
  Rendered pages/wallet.html.erb within layouts/application (Duration: 0.9ms | GC: 0.0ms)
  Rendered shared/_chat_widget.html.erb (Duration: 0.0ms | GC: 0.0ms)
  Rendered layout layouts/application.html.erb (Duration: 3.3ms | GC: 0.4ms)
Completed 200 OK in 7ms (Views: 4.2ms | GC: 0.4ms)


Started GET "/" for ::1 at 2026-09-04 16:24:22 +0100
Processing by PagesController#home as HTML
  Rendering layout layouts/application.html.erb
  Rendering pages/home.html.erb within layouts/application
  Rendered shared/_nav.html.erb (Duration: 0.0ms | GC: 0.0ms)
  Rendered pages/home.html.erb within layouts/application (Duration: 0.4ms | GC: 0.0ms)
  Rendered shared/_chat_widget.html.erb (Duration: 0.2ms | GC: 0.0ms)
  Rendered layout layouts/application.html.erb (Duration: 3.8ms | GC: 0.0ms)
Completed 200 OK in 7ms (Views: 5.0ms | GC: 0.0ms)


Started GET "/" for ::1 at 2026-09-04 16:25:23 +0100
Processing by PagesController#home as HTML
  Rendering layout layouts/application.html.erb
  Rendering pages/home.html.erb within layouts/application
  Rendered shared/_nav.html.erb (Duration: 0.2ms | GC: 0.0ms)
  Rendered pages/home.html.erb within layouts/application (Duration: 1.2ms | GC: 0.0ms)
  Rendered shared/_chat_widget.html.erb (Duration: 0.3ms | GC: 0.0ms)
  Rendered layout layouts/application.html.erb (Duration: 7.3ms | GC: 0.0ms)
Completed 200 OK in 11ms (Views: 9.2ms | GC: 0.5ms)


Started GET "/wallet" for ::1 at 2026-09-04 16:25:29 +0100
Processing by PagesController#wallet as HTML
  Rendering layout layouts/application.html.erb
  Rendering pages/wallet.html.erb within layouts/application
  Rendered shared/_nav.html.erb (Duration: 0.0ms | GC: 0.0ms)
  Rendered pages/wallet.html.erb within layouts/application (Duration: 0.8ms | GC: 0.0ms)
  Rendered shared/_chat_widget.html.erb (Duration: 0.0ms | GC: 0.0ms)
  Rendered layout layouts/application.html.erb (Duration: 2.2ms | GC: 0.0ms)
Completed 200 OK in 8ms (Views: 3.1ms | GC: 0.0ms)


Started GET "/" for ::1 at 2026-09-04 16:25:37 +0100
Processing by PagesController#home as HTML
  Rendering layout layouts/application.html.erb
  Rendering pages/home.html.erb within layouts/application
  Rendered shared/_nav.html.erb (Duration: 0.0ms | GC: 0.0ms)
  Rendered pages/home.html.erb within layouts/application (Duration: 1.2ms | GC: 0.0ms)
  Rendered shared/_chat_widget.html.erb (Duration: 0.0ms | GC: 0.0ms)
  Rendered layout layouts/application.html.erb (Duration: 3.5ms | GC: 0.0ms)
Completed 200 OK in 13ms (Views: 4.8ms | GC: 0.0ms)


Started GET "/wallet" for ::1 at 2026-09-04 16:26:00 +0100
Processing by PagesController#wallet as HTML
  Rendering layout layouts/application.html.erb
  Rendering pages/wallet.html.erb within layouts/application
  Rendered shared/_nav.html.erb (Duration: 0.0ms | GC: 0.0ms)
  Rendered pages/wallet.html.erb within layouts/application (Duration: 0.1ms | GC: 0.0ms)
  Rendered shared/_chat_widget.html.erb (Duration: 0.0ms | GC: 0.0ms)
  Rendered layout layouts/application.html.erb (Duration: 1.5ms | GC: 0.0ms)
Completed 200 OK in 13ms (Views: 2.2ms | GC: 0.0ms)


Started GET "/" for ::1 at 2026-09-04 16:26:03 +0100
Processing by PagesController#home as HTML
  Rendering layout layouts/application.html.erb
  Rendering pages/home.html.erb within layouts/application
  Rendered shared/_nav.html.erb (Duration: 0.0ms | GC: 0.0ms)
  Rendered pages/home.html.erb within layouts/application (Duration: 0.5ms | GC: 0.0ms)
  Rendered shared/_chat_widget.html.erb (Duration: 0.1ms | GC: 0.0ms)
  Rendered layout layouts/application.html.erb (Duration: 11.4ms | GC: 0.0ms)
Completed 200 OK in 15ms (Views: 12.1ms | GC: 0.0ms)


Started GET "/" for ::1 at 2026-09-04 16:26:48 +0100
Processing by PagesController#home as HTML
  Rendering layout layouts/application.html.erb
  Rendering pages/home.html.erb within layouts/application
  Rendered shared/_nav.html.erb (Duration: 0.1ms | GC: 0.0ms)
  Rendered pages/home.html.erb within layouts/application (Duration: 0.6ms | GC: 0.0ms)
  Rendered shared/_chat_widget.html.erb (Duration: 0.0ms | GC: 0.0ms)
  Rendered layout layouts/application.html.erb (Duration: 2.9ms | GC: 0.0ms)
Completed 200 OK in 8ms (Views: 4.2ms | GC: 0.0ms)


Started GET "/questionnaire" for ::1 at 2026-09-04 16:26:54 +0100
Processing by PagesController#questionnaire as HTML
  Rendering layout layouts/application.html.erb
  Rendering pages/questionnaire.html.erb within layouts/application
  Rendered shared/_nav.html.erb (Duration: 0.0ms | GC: 0.0ms)
  Rendered pages/questionnaire.html.erb within layouts/application (Duration: 6.3ms | GC: 0.0ms)
  Rendered shared/_chat_widget.html.erb (Duration: 0.0ms | GC: 0.0ms)
  Rendered layout layouts/application.html.erb (Duration: 7.2ms | GC: 0.0ms)
Completed 200 OK in 13ms (Views: 7.9ms | GC: 0.0ms)


Started GET "/" for ::1 at 2026-09-04 16:26:55 +0100
Processing by PagesController#home as HTML
  Rendering layout layouts/application.html.erb
  Rendering pages/home.html.erb within layouts/application
  Rendered shared/_nav.html.erb (Duration: 0.2ms | GC: 0.0ms)
  Rendered pages/home.html.erb within layouts/application (Duration: 0.6ms | GC: 0.0ms)
  Rendered shared/_chat_widget.html.erb (Duration: 0.1ms | GC: 0.0ms)
  Rendered layout layouts/application.html.erb (Duration: 10.2ms | GC: 1.9ms)
Completed 200 OK in 15ms (Views: 11.3ms | GC: 1.9ms)


  [1m[35mSQL (0.3ms)[0m  [1m[35mSET search_path TO public[0m
  [1m[35m (219.4ms)[0m  [1m[35mCREATE DATABASE "shuffl_development" ENCODING = 'unicode'[0m
  [1m[35mSQL (1.1ms)[0m  [1m[35mSET search_path TO public[0m
  [1m[35m (91.3ms)[0m  [1m[35mCREATE DATABASE "shuffl_test" ENCODING = 'unicode'[0m
  [1m[35mSQL (0.4ms)[0m  [1m[35mSET search_path TO public[0m
  [1m[35m (47.2ms)[0m  [1m[35mCREATE DATABASE "shuffl_development" ENCODING = 'unicode'[0m
  [1m[35mSQL (0.0ms)[0m  [1m[35mSET search_path TO public[0m
  [1m[35m (10.9ms)[0m  [1m[35mCREATE DATABASE "shuffl_test" ENCODING = 'unicode'[0m
  [1m[35m (13.6ms)[0m  [1m[35mCREATE TABLE "schema_migrations" ("version" character varying NOT NULL PRIMARY KEY)[0m
  [1m[35m (9.7ms)[0m  [1m[35mCREATE TABLE "ar_internal_metadata" ("key" character varying NOT NULL PRIMARY KEY, "value" character varying, "created_at" timestamp(6) NOT NULL, "updated_at" timestamp(6) NOT NULL)[0m
  [1m[35m (0.5ms)[0m  [1m[34mSELECT pg_try_advisory_lock(588308053428279240)[0m
  [1m[36mActiveRecord::SchemaMigration Load (2.4ms)[0m  [1m[34mSELECT "schema_migrations"."version" FROM "schema_migrations" ORDER BY "schema_migrations"."version" ASC[0m
  [1m[36mActiveRecord::InternalMetadata Load (1.3ms)[0m  [1m[34mSELECT * FROM "ar_internal_metadata" WHERE "ar_internal_metadata"."key" = $1 ORDER BY "ar_internal_metadata"."key" ASC LIMIT 1[0m  [[nil, "environment"]]
  [1m[36mActiveRecord::InternalMetadata Create (1.4ms)[0m  [1m[32mINSERT INTO "ar_internal_metadata" ("key", "value", "created_at", "updated_at") VALUES ('environment', 'development', '2026-09-08 08:53:33.910383', '2026-09-08 08:53:33.910385') RETURNING "key"[0m
Migrating to DeviseCreateUsers (20260908084833)
  [1m[36mTRANSACTION (0.1ms)[0m  [1m[35mBEGIN[0m
  [1m[35m (8.7ms)[0m  [1m[35mCREATE TABLE "users" ("id" bigserial primary key, "email" character varying DEFAULT '' NOT NULL, "encrypted_password" character varying DEFAULT '' NOT NULL, "reset_password_token" character varying, "reset_password_sent_at" timestamp(6), "remember_created_at" timestamp(6), "first_name" character varying, "created_at" timestamp(6) NOT NULL, "updated_at" timestamp(6) NOT NULL)[0m
  [1m[35m (1.7ms)[0m  [1m[35mCREATE UNIQUE INDEX "index_users_on_email" ON "users" ("email")[0m
  [1m[35m (1.2ms)[0m  [1m[35mCREATE UNIQUE INDEX "index_users_on_reset_password_token" ON "users" ("reset_password_token")[0m
  [1m[36mActiveRecord::SchemaMigration Create (0.3ms)[0m  [1m[32mINSERT INTO "schema_migrations" ("version") VALUES ('20260908084833') RETURNING "version"[0m
  [1m[36mTRANSACTION (0.2ms)[0m  [1m[35mCOMMIT[0m
Migrating to CreateCards (20260908084834)
  [1m[36mTRANSACTION (0.4ms)[0m  [1m[35mBEGIN[0m
  [1m[35m (6.5ms)[0m  [1m[35mCREATE TABLE "cards" ("id" bigserial primary key, "name" character varying, "issuer" character varying, "network" character varying, "card_type" character varying, "annual_fee" integer, "reward_rate" float, "welcome_bonus" character varying, "perks" text, "best_for" text, "description" text, "image_url" character varying, "created_at" timestamp(6) NOT NULL, "updated_at" timestamp(6) NOT NULL)[0m
  [1m[36mActiveRecord::SchemaMigration Create (0.1ms)[0m  [1m[32mINSERT INTO "schema_migrations" ("version") VALUES ('20260908084834') RETURNING "version"[0m
  [1m[36mTRANSACTION (0.4ms)[0m  [1m[35mCOMMIT[0m
Migrating to CreateWalletItems (20260908084835)
  [1m[36mTRANSACTION (0.6ms)[0m  [1m[35mBEGIN[0m
  [1m[35m (6.9ms)[0m  [1m[35mCREATE TABLE "wallet_items" ("id" bigserial primary key, "user_id" bigint NOT NULL, "card_id" bigint NOT NULL, "created_at" timestamp(6) NOT NULL, "updated_at" timestamp(6) NOT NULL, CONSTRAINT "fk_rails_15f7baf2a3"
FOREIGN KEY ("user_id")
  REFERENCES "users" ("id")
, CONSTRAINT "fk_rails_e5a47b4201"
FOREIGN KEY ("card_id")
  REFERENCES "cards" ("id")
)[0m
  [1m[35m (0.5ms)[0m  [1m[35mCREATE INDEX "index_wallet_items_on_user_id" ON "wallet_items" ("user_id")[0m
  [1m[35m (0.4ms)[0m  [1m[35mCREATE INDEX "index_wallet_items_on_card_id" ON "wallet_items" ("card_id")[0m
  [1m[36mActiveRecord::SchemaMigration Create (0.1ms)[0m  [1m[32mINSERT INTO "schema_migrations" ("version") VALUES ('20260908084835') RETURNING "version"[0m
  [1m[36mTRANSACTION (0.4ms)[0m  [1m[35mCOMMIT[0m
Migrating to CreateQuizResponses (20260908084836)
  [1m[36mTRANSACTION (0.6ms)[0m  [1m[35mBEGIN[0m
  [1m[35m (4.9ms)[0m  [1m[35mCREATE TABLE "quiz_responses" ("id" bigserial primary key, "user_id" bigint NOT NULL, "answers" text, "top_card_ids" text, "completed_at" timestamp(6), "created_at" timestamp(6) NOT NULL, "updated_at" timestamp(6) NOT NULL, CONSTRAINT "fk_rails_992c739fbd"
FOREIGN KEY ("user_id")
  REFERENCES "users" ("id")
)[0m
  [1m[35m (0.4ms)[0m  [1m[35mCREATE INDEX "index_quiz_responses_on_user_id" ON "quiz_responses" ("user_id")[0m
  [1m[36mActiveRecord::SchemaMigration Create (0.1ms)[0m  [1m[32mINSERT INTO "schema_migrations" ("version") VALUES ('20260908084836') RETURNING "version"[0m
  [1m[36mTRANSACTION (0.2ms)[0m  [1m[35mCOMMIT[0m
Migrating to CreateMessages (20260908084837)
  [1m[36mTRANSACTION (0.1ms)[0m  [1m[35mBEGIN[0m
  [1m[35m (1.8ms)[0m  [1m[35mCREATE TABLE "messages" ("id" bigserial primary key, "user_id" bigint NOT NULL, "card_id" bigint, "content" text, "role" character varying, "created_at" timestamp(6) NOT NULL, "updated_at" timestamp(6) NOT NULL, CONSTRAINT "fk_rails_273a25a7a6"
FOREIGN KEY ("user_id")
  REFERENCES "users" ("id")
, CONSTRAINT "fk_rails_8fd2c7b88a"
FOREIGN KEY ("card_id")
  REFERENCES "cards" ("id")
)[0m
  [1m[35m (0.4ms)[0m  [1m[35mCREATE INDEX "index_messages_on_user_id" ON "messages" ("user_id")[0m
  [1m[35m (0.6ms)[0m  [1m[35mCREATE INDEX "index_messages_on_card_id" ON "messages" ("card_id")[0m
  [1m[36mActiveRecord::SchemaMigration Create (0.1ms)[0m  [1m[32mINSERT INTO "schema_migrations" ("version") VALUES ('20260908084837') RETURNING "version"[0m
  [1m[36mTRANSACTION (0.1ms)[0m  [1m[35mCOMMIT[0m
Migrating to AddUniqueIndexToWalletItems (20260908085156)
  [1m[36mTRANSACTION (0.2ms)[0m  [1m[35mBEGIN[0m
  [1m[35m (0.6ms)[0m  [1m[35mCREATE UNIQUE INDEX "index_wallet_items_on_user_id_and_card_id" ON "wallet_items" ("user_id", "card_id")[0m
  [1m[36mActiveRecord::SchemaMigration Create (0.1ms)[0m  [1m[32mINSERT INTO "schema_migrations" ("version") VALUES ('20260908085156') RETURNING "version"[0m
  [1m[36mTRANSACTION (0.1ms)[0m  [1m[35mCOMMIT[0m
  [1m[35m (0.1ms)[0m  [1m[34mSELECT pg_advisory_unlock(588308053428279240)[0m
  [1m[36mActiveRecord::SchemaMigration Load (0.1ms)[0m  [1m[34mSELECT "schema_migrations"."version" FROM "schema_migrations" ORDER BY "schema_migrations"."version" ASC[0m
  [1m[35mSQL (0.0ms)[0m  [1m[35mSET search_path TO public[0m
  [1m[35mSQL (0.0ms)[0m  [1m[35mSET search_path TO "$user", public[0m
  [1m[35mSQL (0.0ms)[0m  [1m[35mSET search_path TO public[0m
  [1m[35mSQL (0.0ms)[0m  [1m[35mSET search_path TO "$user", public[0m
  [1m[36mActiveRecord::SchemaMigration Load (2.5ms)[0m  [1m[34mSELECT "schema_migrations"."version" FROM "schema_migrations" ORDER BY "schema_migrations"."version" ASC[0m
  [1m[36mActiveRecord::SchemaMigration Load (0.9ms)[0m  [1m[34mSELECT "schema_migrations"."version" FROM "schema_migrations" ORDER BY "schema_migrations"."version" ASC[0m
  [1m[36mActiveRecord::SchemaMigration Load (3.8ms)[0m  [1m[34mSELECT "schema_migrations"."version" FROM "schema_migrations" ORDER BY "schema_migrations"."version" ASC[0m
  [1m[36mCard Load (1.2ms)[0m  [1m[34mSELECT "cards".* FROM "cards" WHERE "cards"."name" = $1 LIMIT $2[0m  [["name", "Altitude Journey"], ["LIMIT", 1]]
  [1m[36mTRANSACTION (0.7ms)[0m  [1m[35mBEGIN[0m
  [1m[36mCard Create (4.2ms)[0m  [1m[32mINSERT INTO "cards" ("name", "issuer", "network", "card_type", "annual_fee", "reward_rate", "welcome_bonus", "perks", "best_for", "description", "image_url", "created_at", "updated_at") VALUES ($1, $2, $3, $4, $5, $6, $7, $8, $9, $10, $11, $12, $13) RETURNING "id"[0m  [["name", "Altitude Journey"], ["issuer", "Summit"], ["network", "Visa"], ["card_type", "Travel"], ["annual_fee", 95], ["reward_rate", 4.0], ["welcome_bonus", "60,000 Altitude Points after spending $4,000 in 3 months"], ["perks", "No foreign transaction fee, Trip cover, $50 hotel credit"], ["best_for", "Travel, Dining"], ["description", "The Altitude Journey from Summit offers up to 4x on travel. Annual fee: $95. No foreign transaction fee."], ["image_url", nil], ["created_at", "2026-09-08 09:22:42.702834"], ["updated_at", "2026-09-08 09:22:42.702834"]]
  [1m[36mTRANSACTION (5.8ms)[0m  [1m[35mCOMMIT[0m
  [1m[36mCard Load (0.2ms)[0m  [1m[34mSELECT "cards".* FROM "cards" WHERE "cards"."name" = $1 LIMIT $2[0m  [["name", "Venture Path"], ["LIMIT", 1]]
  [1m[36mTRANSACTION (0.1ms)[0m  [1m[35mBEGIN[0m
  [1m[36mCard Create (0.4ms)[0m  [1m[32mINSERT INTO "cards" ("name", "issuer", "network", "card_type", "annual_fee", "reward_rate", "welcome_bonus", "perks", "best_for", "description", "image_url", "created_at", "updated_at") VALUES ($1, $2, $3, $4, $5, $6, $7, $8, $9, $10, $11, $12, $13) RETURNING "id"[0m  [["name", "Venture Path"], ["issuer", "Capital Peak"], ["network", "Visa"], ["card_type", "Travel"], ["annual_fee", 95], ["reward_rate", 5.0], ["welcome_bonus", "75,000 Venture Miles after spending $4,000 in 3 months"], ["perks", "2× everywhere, Hotel credit, Global Entry credit"], ["best_for", "Travel, Other"], ["description", "The Venture Path from Capital Peak offers up to 5x on travel. Annual fee: $95. No foreign transaction fee."], ["image_url", nil], ["created_at", "2026-09-08 09:22:42.714251"], ["updated_at", "2026-09-08 09:22:42.714251"]]
  [1m[36mTRANSACTION (0.2ms)[0m  [1m[35mCOMMIT[0m
  [1m[36mCard Load (0.1ms)[0m  [1m[34mSELECT "cards".* FROM "cards" WHERE "cards"."name" = $1 LIMIT $2[0m  [["name", "Harbor Reserve"], ["LIMIT", 1]]
  [1m[36mTRANSACTION (0.1ms)[0m  [1m[35mBEGIN[0m
  [1m[36mCard Create (0.3ms)[0m  [1m[32mINSERT INTO "cards" ("name", "issuer", "network", "card_type", "annual_fee", "reward_rate", "welcome_bonus", "perks", "best_for", "description", "image_url", "created_at", "updated_at") VALUES ($1, $2, $3, $4, $5, $6, $7, $8, $9, $10, $11, $12, $13) RETURNING "id"[0m  [["name", "Harbor Reserve"], ["issuer", "Harbor"], ["network", "Visa Infinite"], ["card_type", "Travel"], ["annual_fee", 395], ["reward_rate", 5.0], ["welcome_bonus", "90,000 Harbor Points after spending $6,000 in 4 months"], ["perks", "Airport lounge access, $300 travel credit, Priority support"], ["best_for", "Travel, Dining"], ["description", "The Harbor Reserve from Harbor offers up to 5x on travel. Annual fee: $395. No foreign transaction fee."], ["image_url", nil], ["created_at", "2026-09-08 09:22:42.715751"], ["updated_at", "2026-09-08 09:22:42.715751"]]
  [1m[36mTRANSACTION (0.2ms)[0m  [1m[35mCOMMIT[0m
  [1m[36mCard Load (0.1ms)[0m  [1m[34mSELECT "cards".* FROM "cards" WHERE "cards"."name" = $1 LIMIT $2[0m  [["name", "Campus Cash"], ["LIMIT", 1]]
  [1m[36mTRANSACTION (0.1ms)[0m  [1m[35mBEGIN[0m
  [1m[36mCard Create (0.3ms)[0m  [1m[32mINSERT INTO "cards" ("name", "issuer", "network", "card_type", "annual_fee", "reward_rate", "welcome_bonus", "perks", "best_for", "description", "image_url", "created_at", "updated_at") VALUES ($1, $2, $3, $4, $5, $6, $7, $8, $9, $10, $11, $12, $13) RETURNING "id"[0m  [["name", "Campus Cash"], ["issuer", "Sprout"], ["network", "Mastercard"], ["card_type", "Student"], ["annual_fee", 0], ["reward_rate", 3.0], ["welcome_bonus", "50 Cashback after spending $500 in 3 months"], ["perks", "No annual fee, Credit-building tools, Good grades bonus"], ["best_for", "Student, Cashback"], ["description", "The Campus Cash from Sprout offers up to 3x on groceries. No annual fee. No foreign transaction fee."], ["image_url", nil], ["created_at", "2026-09-08 09:22:42.717029"], ["updated_at", "2026-09-08 09:22:42.717029"]]
  [1m[36mTRANSACTION (0.2ms)[0m  [1m[35mCOMMIT[0m
  [1m[36mCard Load (0.1ms)[0m  [1m[34mSELECT "cards".* FROM "cards" WHERE "cards"."name" = $1 LIMIT $2[0m  [["name", "Student Savor"], ["LIMIT", 1]]
  [1m[36mTRANSACTION (0.1ms)[0m  [1m[35mBEGIN[0m
  [1m[36mCard Create (0.3ms)[0m  [1m[32mINSERT INTO "cards" ("name", "issuer", "network", "card_type", "annual_fee", "reward_rate", "welcome_bonus", "perks", "best_for", "description", "image_url", "created_at", "updated_at") VALUES ($1, $2, $3, $4, $5, $6, $7, $8, $9, $10, $11, $12, $13) RETURNING "id"[0m  [["name", "Student Savor"], ["issuer", "Capital Peak"], ["network", "Mastercard"], ["card_type", "Student"], ["annual_fee", 0], ["reward_rate", 3.0], ["welcome_bonus", "100 Cashback after spending $500 in 3 months"], ["perks", "No annual fee, Entertainment cashback, Fraud alerts"], ["best_for", "Student, Dining, Cashback"], ["description", "The Student Savor from Capital Peak offers up to 3x on dining. No annual fee. No foreign transaction fee."], ["image_url", nil], ["created_at", "2026-09-08 09:22:42.718177"], ["updated_at", "2026-09-08 09:22:42.718177"]]
  [1m[36mTRANSACTION (0.2ms)[0m  [1m[35mCOMMIT[0m
  [1m[36mCard Load (0.1ms)[0m  [1m[34mSELECT "cards".* FROM "cards" WHERE "cards"."name" = $1 LIMIT $2[0m  [["name", "Student Flex"], ["LIMIT", 1]]
  [1m[36mTRANSACTION (0.1ms)[0m  [1m[35mBEGIN[0m
  [1m[36mCard Create (0.3ms)[0m  [1m[32mINSERT INTO "cards" ("name", "issuer", "network", "card_type", "annual_fee", "reward_rate", "welcome_bonus", "perks", "best_for", "description", "image_url", "created_at", "updated_at") VALUES ($1, $2, $3, $4, $5, $6, $7, $8, $9, $10, $11, $12, $13) RETURNING "id"[0m  [["name", "Student Flex"], ["issuer", "Discoverly"], ["network", "Discover"], ["card_type", "Student"], ["annual_fee", 0], ["reward_rate", 5.0], ["welcome_bonus", "100 Cashback after spending $500 in 3 months"], ["perks", "Rotating 5% categories, First-year match, No annual fee"], ["best_for", "Student, Cashback"], ["description", "The Student Flex from Discoverly offers up to 5x on groceries. No annual fee. Foreign transaction fee applies."], ["image_url", nil], ["created_at", "2026-09-08 09:22:42.719397"], ["updated_at", "2026-09-08 09:22:42.719397"]]
  [1m[36mTRANSACTION (0.2ms)[0m  [1m[35mCOMMIT[0m
  [1m[36mCard Load (0.1ms)[0m  [1m[34mSELECT "cards".* FROM "cards" WHERE "cards"."name" = $1 LIMIT $2[0m  [["name", "Everyday Double"], ["LIMIT", 1]]
  [1m[36mTRANSACTION (0.1ms)[0m  [1m[35mBEGIN[0m
  [1m[36mCard Create (0.4ms)[0m  [1m[32mINSERT INTO "cards" ("name", "issuer", "network", "card_type", "annual_fee", "reward_rate", "welcome_bonus", "perks", "best_for", "description", "image_url", "created_at", "updated_at") VALUES ($1, $2, $3, $4, $5, $6, $7, $8, $9, $10, $11, $12, $13) RETURNING "id"[0m  [["name", "Everyday Double"], ["issuer", "Citiwide"], ["network", "Mastercard"], ["card_type", "Cashback"], ["annual_fee", 0], ["reward_rate", 2.0], ["welcome_bonus", "200 Cashback after spending $1,500 in 6 months"], ["perks", "2% on everything, No annual fee, Simple redemptions"], ["best_for", "Cashback, Other"], ["description", "The Everyday Double from Citiwide offers up to 2x on dining. No annual fee. Foreign transaction fee applies."], ["image_url", nil], ["created_at", "2026-09-08 09:22:42.720921"], ["updated_at", "2026-09-08 09:22:42.720921"]]
  [1m[36mTRANSACTION (0.4ms)[0m  [1m[35mCOMMIT[0m
  [1m[36mCard Load (0.2ms)[0m  [1m[34mSELECT "cards".* FROM "cards" WHERE "cards"."name" = $1 LIMIT $2[0m  [["name", "Grocery Glow"], ["LIMIT", 1]]
  [1m[36mTRANSACTION (0.3ms)[0m  [1m[35mBEGIN[0m
  [1m[36mCard Create (0.7ms)[0m  [1m[32mINSERT INTO "cards" ("name", "issuer", "network", "card_type", "annual_fee", "reward_rate", "welcome_bonus", "perks", "best_for", "description", "image_url", "created_at", "updated_at") VALUES ($1, $2, $3, $4, $5, $6, $7, $8, $9, $10, $11, $12, $13) RETURNING "id"[0m  [["name", "Grocery Glow"], ["issuer", "Amexia"], ["network", "Amex"], ["card_type", "Groceries"], ["annual_fee", 0], ["reward_rate", 4.0], ["welcome_bonus", "250 Cashback after spending $2,000 in 6 months"], ["perks", "4% at supermarkets, Purchase protection, No annual fee"], ["best_for", "Groceries, Cashback"], ["description", "The Grocery Glow from Amexia offers up to 4x on groceries. No annual fee. Foreign transaction fee applies."], ["image_url", nil], ["created_at", "2026-09-08 09:22:42.722748"], ["updated_at", "2026-09-08 09:22:42.722748"]]
  [1m[36mTRANSACTION (0.3ms)[0m  [1m[35mCOMMIT[0m
  [1m[36mCard Load (0.1ms)[0m  [1m[34mSELECT "cards".* FROM "cards" WHERE "cards"."name" = $1 LIMIT $2[0m  [["name", "Dine One"], ["LIMIT", 1]]
  [1m[36mTRANSACTION (0.1ms)[0m  [1m[35mBEGIN[0m
  [1m[36mCard Create (0.4ms)[0m  [1m[32mINSERT INTO "cards" ("name", "issuer", "network", "card_type", "annual_fee", "reward_rate", "welcome_bonus", "perks", "best_for", "description", "image_url", "created_at", "updated_at") VALUES ($1, $2, $3, $4, $5, $6, $7, $8, $9, $10, $11, $12, $13) RETURNING "id"[0m  [["name", "Dine One"], ["issuer", "Harvest"], ["network", "Visa"], ["card_type", "Dining"], ["annual_fee", 0], ["reward_rate", 4.0], ["welcome_bonus", "200 Cashback after spending $1,000 in 3 months"], ["perks", "4% dining, Food delivery credit, No annual fee"], ["best_for", "Dining, Cashback"], ["description", "The Dine One from Harvest offers up to 4x on dining. No annual fee. No foreign transaction fee."], ["image_url", nil], ["created_at", "2026-09-08 09:22:42.724540"], ["updated_at", "2026-09-08 09:22:42.724540"]]
  [1m[36mTRANSACTION (0.2ms)[0m  [1m[35mCOMMIT[0m
  [1m[36mCard Load (0.1ms)[0m  [1m[34mSELECT "cards".* FROM "cards" WHERE "cards"."name" = $1 LIMIT $2[0m  [["name", "Gold Table"], ["LIMIT", 1]]
  [1m[36mTRANSACTION (0.2ms)[0m  [1m[35mBEGIN[0m
  [1m[36mCard Create (0.5ms)[0m  [1m[32mINSERT INTO "cards" ("name", "issuer", "network", "card_type", "annual_fee", "reward_rate", "welcome_bonus", "perks", "best_for", "description", "image_url", "created_at", "updated_at") VALUES ($1, $2, $3, $4, $5, $6, $7, $8, $9, $10, $11, $12, $13) RETURNING "id"[0m  [["name", "Gold Table"], ["issuer", "Amexia"], ["network", "Amex"], ["card_type", "Dining"], ["annual_fee", 250], ["reward_rate", 4.0], ["welcome_bonus", "60,000 Membership Points after spending $6,000 in 6 months"], ["perks", "Dining credits, Hotel collection, Baggage insurance"], ["best_for", "Dining, Travel"], ["description", "The Gold Table from Amexia offers up to 4x on dining. Annual fee: $250. No foreign transaction fee."], ["image_url", nil], ["created_at", "2026-09-08 09:22:42.725822"], ["updated_at", "2026-09-08 09:22:42.725822"]]
  [1m[36mTRANSACTION (0.2ms)[0m  [1m[35mCOMMIT[0m
  [1m[36mCard Load (0.1ms)[0m  [1m[34mSELECT "cards".* FROM "cards" WHERE "cards"."name" = $1 LIMIT $2[0m  [["name", "Flex Freedom"], ["LIMIT", 1]]
  [1m[36mTRANSACTION (0.1ms)[0m  [1m[35mBEGIN[0m
  [1m[36mCard Create (0.3ms)[0m  [1m[32mINSERT INTO "cards" ("name", "issuer", "network", "card_type", "annual_fee", "reward_rate", "welcome_bonus", "perks", "best_for", "description", "image_url", "created_at", "updated_at") VALUES ($1, $2, $3, $4, $5, $6, $7, $8, $9, $10, $11, $12, $13) RETURNING "id"[0m  [["name", "Flex Freedom"], ["issuer", "Chasefield"], ["network", "Visa"], ["card_type", "Travel"], ["annual_fee", 0], ["reward_rate", 5.0], ["welcome_bonus", "20,000 Ultimate Points after spending $500 in 3 months"], ["perks", "5% portal travel, 3% dining, No annual fee"], ["best_for", "Travel, Dining"], ["description", "The Flex Freedom from Chasefield offers up to 5x on travel. No annual fee. Foreign transaction fee applies."], ["image_url", nil], ["created_at", "2026-09-08 09:22:42.727259"], ["updated_at", "2026-09-08 09:22:42.727259"]]
  [1m[36mTRANSACTION (0.1ms)[0m  [1m[35mCOMMIT[0m
  [1m[36mCard Load (0.1ms)[0m  [1m[34mSELECT "cards".* FROM "cards" WHERE "cards"."name" = $1 LIMIT $2[0m  [["name", "Custom Cash"], ["LIMIT", 1]]
  [1m[36mTRANSACTION (0.1ms)[0m  [1m[35mBEGIN[0m
  [1m[36mCard Create (1.2ms)[0m  [1m[32mINSERT INTO "cards" ("name", "issuer", "network", "card_type", "annual_fee", "reward_rate", "welcome_bonus", "perks", "best_for", "description", "image_url", "created_at", "updated_at") VALUES ($1, $2, $3, $4, $5, $6, $7, $8, $9, $10, $11, $12, $13) RETURNING "id"[0m  [["name", "Custom Cash"], ["issuer", "Citiwide"], ["network", "Mastercard"], ["card_type", "Cashback"], ["annual_fee", 0], ["reward_rate", 5.0], ["welcome_bonus", "200 Cashback after spending $1,500 in 6 months"], ["perks", "5% top category, No annual fee, Automatic category choice"], ["best_for", "Cashback, Dining"], ["description", "The Custom Cash from Citiwide offers up to 5x on dining. No annual fee. Foreign transaction fee applies."], ["image_url", nil], ["created_at", "2026-09-08 09:22:42.728383"], ["updated_at", "2026-09-08 09:22:42.728383"]]
  [1m[36mTRANSACTION (0.2ms)[0m  [1m[35mCOMMIT[0m
  [1m[36mCard Load (0.1ms)[0m  [1m[34mSELECT "cards".* FROM "cards" WHERE "cards"."name" = $1 LIMIT $2[0m  [["name", "Route Zero"], ["LIMIT", 1]]
  [1m[36mTRANSACTION (0.2ms)[0m  [1m[35mBEGIN[0m
  [1m[36mCard Create (5.3ms)[0m  [1m[32mINSERT INTO "cards" ("name", "issuer", "network", "card_type", "annual_fee", "reward_rate", "welcome_bonus", "perks", "best_for", "description", "image_url", "created_at", "updated_at") VALUES ($1, $2, $3, $4, $5, $6, $7, $8, $9, $10, $11, $12, $13) RETURNING "id"[0m  [["name", "Route Zero"], ["issuer", "Summit"], ["network", "Visa"], ["card_type", "Travel"], ["annual_fee", 0], ["reward_rate", 3.0], ["welcome_bonus", "30,000 Route Miles after spending $1,500 in 3 months"], ["perks", "No annual fee, No foreign fees, Travel alerts"], ["best_for", "Travel"], ["description", "The Route Zero from Summit offers up to 3x on travel. No annual fee. No foreign transaction fee."], ["image_url", nil], ["created_at", "2026-09-08 09:22:42.730498"], ["updated_at", "2026-09-08 09:22:42.730498"]]
  [1m[36mTRANSACTION (1.5ms)[0m  [1m[35mCOMMIT[0m
  [1m[36mCard Load (0.2ms)[0m  [1m[34mSELECT "cards".* FROM "cards" WHERE "cards"."name" = $1 LIMIT $2[0m  [["name", "Metro Cash"], ["LIMIT", 1]]
  [1m[36mTRANSACTION (0.1ms)[0m  [1m[35mBEGIN[0m
  [1m[36mCard Create (0.5ms)[0m  [1m[32mINSERT INTO "cards" ("name", "issuer", "network", "card_type", "annual_fee", "reward_rate", "welcome_bonus", "perks", "best_for", "description", "image_url", "created_at", "updated_at") VALUES ($1, $2, $3, $4, $5, $6, $7, $8, $9, $10, $11, $12, $13) RETURNING "id"[0m  [["name", "Metro Cash"], ["issuer", "Harbor"], ["network", "Visa"], ["card_type", "Cashback"], ["annual_fee", 0], ["reward_rate", 3.0], ["welcome_bonus", "150 Cashback after spending $750 in 3 months"], ["perks", "Transit cashback, No annual fee, Phone protection"], ["best_for", "Cashback, Travel"], ["description", "The Metro Cash from Harbor offers up to 3x on dining. No annual fee. Foreign transaction fee applies."], ["image_url", nil], ["created_at", "2026-09-08 09:22:42.738290"], ["updated_at", "2026-09-08 09:22:42.738290"]]
  [1m[36mTRANSACTION (0.5ms)[0m  [1m[35mCOMMIT[0m
  [1m[36mCard Load (0.2ms)[0m  [1m[34mSELECT "cards".* FROM "cards" WHERE "cards"."name" = $1 LIMIT $2[0m  [["name", "Fuel Forward"], ["LIMIT", 1]]
  [1m[36mTRANSACTION (0.1ms)[0m  [1m[35mBEGIN[0m
  [1m[36mCard Create (0.6ms)[0m  [1m[32mINSERT INTO "cards" ("name", "issuer", "network", "card_type", "annual_fee", "reward_rate", "welcome_bonus", "perks", "best_for", "description", "image_url", "created_at", "updated_at") VALUES ($1, $2, $3, $4, $5, $6, $7, $8, $9, $10, $11, $12, $13) RETURNING "id"[0m  [["name", "Fuel Forward"], ["issuer", "Roadline"], ["network", "Mastercard"], ["card_type", "Gas"], ["annual_fee", 0], ["reward_rate", 5.0], ["welcome_bonus", "100 Cashback after spending $500 in 3 months"], ["perks", "5% at petrol stations, Roadside assistance, No annual fee"], ["best_for", "Gas, Cashback"], ["description", "The Fuel Forward from Roadline offers up to 5x on gas. No annual fee. Foreign transaction fee applies."], ["image_url", nil], ["created_at", "2026-09-08 09:22:42.740456"], ["updated_at", "2026-09-08 09:22:42.740456"]]
  [1m[36mTRANSACTION (0.3ms)[0m  [1m[35mCOMMIT[0m
  [1m[36mCard Load (0.1ms)[0m  [1m[34mSELECT "cards".* FROM "cards" WHERE "cards"."name" = $1 LIMIT $2[0m  [["name", "Stream+"], ["LIMIT", 1]]
  [1m[36mTRANSACTION (0.1ms)[0m  [1m[35mBEGIN[0m
  [1m[36mCard Create (0.4ms)[0m  [1m[32mINSERT INTO "cards" ("name", "issuer", "network", "card_type", "annual_fee", "reward_rate", "welcome_bonus", "perks", "best_for", "description", "image_url", "created_at", "updated_at") VALUES ($1, $2, $3, $4, $5, $6, $7, $8, $9, $10, $11, $12, $13) RETURNING "id"[0m  [["name", "Stream+"], ["issuer", "Nova"], ["network", "Visa"], ["card_type", "Streaming"], ["annual_fee", 0], ["reward_rate", 6.0], ["welcome_bonus", "150 Cashback after spending $750 in 3 months"], ["perks", "6% streaming, Phone protection, No annual fee"], ["best_for", "Streaming, Cashback"], ["description", "The Stream+ from Nova offers up to 6x on streaming. No annual fee. Foreign transaction fee applies."], ["image_url", nil], ["created_at", "2026-09-08 09:22:42.742457"], ["updated_at", "2026-09-08 09:22:42.742457"]]
  [1m[36mTRANSACTION (0.2ms)[0m  [1m[35mCOMMIT[0m
  [1m[36mCard Load (0.1ms)[0m  [1m[34mSELECT "cards".* FROM "cards" WHERE "cards"."name" = $1 LIMIT $2[0m  [["name", "Green Mile"], ["LIMIT", 1]]
  [1m[36mTRANSACTION (0.1ms)[0m  [1m[35mBEGIN[0m
  [1m[36mCard Create (0.3ms)[0m  [1m[32mINSERT INTO "cards" ("name", "issuer", "network", "card_type", "annual_fee", "reward_rate", "welcome_bonus", "perks", "best_for", "description", "image_url", "created_at", "updated_at") VALUES ($1, $2, $3, $4, $5, $6, $7, $8, $9, $10, $11, $12, $13) RETURNING "id"[0m  [["name", "Green Mile"], ["issuer", "Amexia"], ["network", "Amex"], ["card_type", "Travel"], ["annual_fee", 150], ["reward_rate", 3.0], ["welcome_bonus", "45,000 Membership Points after spending $3,000 in 6 months"], ["perks", "Clear credit, Transit rewards, Travel cover"], ["best_for", "Travel, Dining"], ["description", "The Green Mile from Amexia offers up to 3x on dining. Annual fee: $150. No foreign transaction fee."], ["image_url", nil], ["created_at", "2026-09-08 09:22:42.743923"], ["updated_at", "2026-09-08 09:22:42.743923"]]
  [1m[36mTRANSACTION (0.2ms)[0m  [1m[35mCOMMIT[0m
  [1m[36mCard Load (0.1ms)[0m  [1m[34mSELECT "cards".* FROM "cards" WHERE "cards"."name" = $1 LIMIT $2[0m  [["name", "Hotel Key"], ["LIMIT", 1]]
  [1m[36mTRANSACTION (0.1ms)[0m  [1m[35mBEGIN[0m
  [1m[36mCard Create (0.4ms)[0m  [1m[32mINSERT INTO "cards" ("name", "issuer", "network", "card_type", "annual_fee", "reward_rate", "welcome_bonus", "perks", "best_for", "description", "image_url", "created_at", "updated_at") VALUES ($1, $2, $3, $4, $5, $6, $7, $8, $9, $10, $11, $12, $13) RETURNING "id"[0m  [["name", "Hotel Key"], ["issuer", "Worldstay"], ["network", "Visa"], ["card_type", "Travel"], ["annual_fee", 95], ["reward_rate", 6.0], ["welcome_bonus", "80,000 Worldstay Points after spending $3,000 in 3 months"], ["perks", "Free anniversary night, Silver status, Late checkout"], ["best_for", "Travel"], ["description", "The Hotel Key from Worldstay offers up to 6x on travel. Annual fee: $95. No foreign transaction fee."], ["image_url", nil], ["created_at", "2026-09-08 09:22:42.745321"], ["updated_at", "2026-09-08 09:22:42.745321"]]
  [1m[36mTRANSACTION (0.2ms)[0m  [1m[35mCOMMIT[0m
  [1m[36mCard Load (0.3ms)[0m  [1m[34mSELECT "cards".* FROM "cards" WHERE "cards"."name" = $1 LIMIT $2[0m  [["name", "Airline Blue"], ["LIMIT", 1]]
  [1m[36mTRANSACTION (0.1ms)[0m  [1m[35mBEGIN[0m
  [1m[36mCard Create (0.4ms)[0m  [1m[32mINSERT INTO "cards" ("name", "issuer", "network", "card_type", "annual_fee", "reward_rate", "welcome_bonus", "perks", "best_for", "description", "image_url", "created_at", "updated_at") VALUES ($1, $2, $3, $4, $5, $6, $7, $8, $9, $10, $11, $12, $13) RETURNING "id"[0m  [["name", "Airline Blue"], ["issuer", "SkyWays"], ["network", "Amex"], ["card_type", "Travel"], ["annual_fee", 95], ["reward_rate", 4.0], ["welcome_bonus", "70,000 Sky Miles after spending $3,000 in 3 months"], ["perks", "Free checked bag, Priority boarding, In-flight savings"], ["best_for", "Travel"], ["description", "The Airline Blue from SkyWays offers up to 4x on travel. Annual fee: $95. No foreign transaction fee."], ["image_url", nil], ["created_at", "2026-09-08 09:22:42.746933"], ["updated_at", "2026-09-08 09:22:42.746933"]]
  [1m[36mTRANSACTION (0.3ms)[0m  [1m[35mCOMMIT[0m
  [1m[36mCard Load (0.1ms)[0m  [1m[34mSELECT "cards".* FROM "cards" WHERE "cards"."name" = $1 LIMIT $2[0m  [["name", "Rent Reward"], ["LIMIT", 1]]
  [1m[36mTRANSACTION (0.1ms)[0m  [1m[35mBEGIN[0m
  [1m[36mCard Create (0.4ms)[0m  [1m[32mINSERT INTO "cards" ("name", "issuer", "network", "card_type", "annual_fee", "reward_rate", "welcome_bonus", "perks", "best_for", "description", "image_url", "created_at", "updated_at") VALUES ($1, $2, $3, $4, $5, $6, $7, $8, $9, $10, $11, $12, $13) RETURNING "id"[0m  [["name", "Rent Reward"], ["issuer", "Brick"], ["network", "Mastercard"], ["card_type", "Other"], ["annual_fee", 0], ["reward_rate", 3.0], ["welcome_bonus", "10,000 Brick Points after spending $1,000 in 3 months"], ["perks", "Points on rent, No transaction fee, Neighbourhood dining"], ["best_for", "Other, Travel"], ["description", "The Rent Reward from Brick offers up to 3x on dining. No annual fee. No foreign transaction fee."], ["image_url", nil], ["created_at", "2026-09-08 09:22:42.748394"], ["updated_at", "2026-09-08 09:22:42.748394"]]
  [1m[36mTRANSACTION (0.2ms)[0m  [1m[35mCOMMIT[0m
  [1m[36mCard Load (0.1ms)[0m  [1m[34mSELECT "cards".* FROM "cards" WHERE "cards"."name" = $1 LIMIT $2[0m  [["name", "Starter One"], ["LIMIT", 1]]
  [1m[36mTRANSACTION (0.1ms)[0m  [1m[35mBEGIN[0m
  [1m[36mCard Create (0.3ms)[0m  [1m[32mINSERT INTO "cards" ("name", "issuer", "network", "card_type", "annual_fee", "reward_rate", "welcome_bonus", "perks", "best_for", "description", "image_url", "created_at", "updated_at") VALUES ($1, $2, $3, $4, $5, $6, $7, $8, $9, $10, $11, $12, $13) RETURNING "id"[0m  [["name", "Starter One"], ["issuer", "Sprout"], ["network", "Visa"], ["card_type", "Student"], ["annual_fee", 0], ["reward_rate", 1.5], ["welcome_bonus", "50 Cashback after spending $300 in 3 months"], ["perks", "Credit score tracker, No annual fee, Automatic payments"], ["best_for", "Student, Cashback"], ["description", "The Starter One from Sprout offers up to 1.5x on dining. No annual fee. Foreign transaction fee applies."], ["image_url", nil], ["created_at", "2026-09-08 09:22:42.749838"], ["updated_at", "2026-09-08 09:22:42.749838"]]
  [1m[36mTRANSACTION (0.2ms)[0m  [1m[35mCOMMIT[0m
  [1m[36mCard Load (0.1ms)[0m  [1m[34mSELECT "cards".* FROM "cards" WHERE "cards"."name" = $1 LIMIT $2[0m  [["name", "Secured Step"], ["LIMIT", 1]]
  [1m[36mTRANSACTION (0.1ms)[0m  [1m[35mBEGIN[0m
  [1m[36mCard Create (0.3ms)[0m  [1m[32mINSERT INTO "cards" ("name", "issuer", "network", "card_type", "annual_fee", "reward_rate", "welcome_bonus", "perks", "best_for", "description", "image_url", "created_at", "updated_at") VALUES ($1, $2, $3, $4, $5, $6, $7, $8, $9, $10, $11, $12, $13) RETURNING "id"[0m  [["name", "Secured Step"], ["issuer", "Sprout"], ["network", "Visa"], ["card_type", "Student"], ["annual_fee", 0], ["reward_rate", 2.0], ["welcome_bonus", "None"], ["perks", "Graduation reviews, Reports to bureaus, No annual fee"], ["best_for", "Student, Cashback"], ["description", "The Secured Step from Sprout offers up to 2x on groceries. No annual fee. Foreign transaction fee applies."], ["image_url", nil], ["created_at", "2026-09-08 09:22:42.751131"], ["updated_at", "2026-09-08 09:22:42.751131"]]
  [1m[36mTRANSACTION (0.2ms)[0m  [1m[35mCOMMIT[0m
  [1m[36mCard Load (0.1ms)[0m  [1m[34mSELECT "cards".* FROM "cards" WHERE "cards"."name" = $1 LIMIT $2[0m  [["name", "Creator Cash"], ["LIMIT", 1]]
  [1m[36mTRANSACTION (0.2ms)[0m  [1m[35mBEGIN[0m
  [1m[36mCard Create (0.7ms)[0m  [1m[32mINSERT INTO "cards" ("name", "issuer", "network", "card_type", "annual_fee", "reward_rate", "welcome_bonus", "perks", "best_for", "description", "image_url", "created_at", "updated_at") VALUES ($1, $2, $3, $4, $5, $6, $7, $8, $9, $10, $11, $12, $13) RETURNING "id"[0m  [["name", "Creator Cash"], ["issuer", "Nova"], ["network", "Mastercard"], ["card_type", "Streaming"], ["annual_fee", 0], ["reward_rate", 5.0], ["welcome_bonus", "200 Cashback after spending $1,000 in 3 months"], ["perks", "Software cashback, Phone cover, No annual fee"], ["best_for", "Streaming, Cashback"], ["description", "The Creator Cash from Nova offers up to 5x on streaming. No annual fee. No foreign transaction fee."], ["image_url", nil], ["created_at", "2026-09-08 09:22:42.752411"], ["updated_at", "2026-09-08 09:22:42.752411"]]
  [1m[36mTRANSACTION (0.4ms)[0m  [1m[35mCOMMIT[0m
  [1m[36mCard Load (0.1ms)[0m  [1m[34mSELECT "cards".* FROM "cards" WHERE "cards"."name" = $1 LIMIT $2[0m  [["name", "Weekend Card"], ["LIMIT", 1]]
  [1m[36mTRANSACTION (0.1ms)[0m  [1m[35mBEGIN[0m
  [1m[36mCard Create (0.3ms)[0m  [1m[32mINSERT INTO "cards" ("name", "issuer", "network", "card_type", "annual_fee", "reward_rate", "welcome_bonus", "perks", "best_for", "description", "image_url", "created_at", "updated_at") VALUES ($1, $2, $3, $4, $5, $6, $7, $8, $9, $10, $11, $12, $13) RETURNING "id"[0m  [["name", "Weekend Card"], ["issuer", "Harvest"], ["network", "Visa"], ["card_type", "Dining"], ["annual_fee", 0], ["reward_rate", 4.0], ["welcome_bonus", "150 Cashback after spending $750 in 3 months"], ["perks", "Weekend bonus, Cinema cashback, No annual fee"], ["best_for", "Dining, Cashback"], ["description", "The Weekend Card from Harvest offers up to 4x on dining. No annual fee. Foreign transaction fee applies."], ["image_url", nil], ["created_at", "2026-09-08 09:22:42.754194"], ["updated_at", "2026-09-08 09:22:42.754194"]]
  [1m[36mTRANSACTION (0.1ms)[0m  [1m[35mCOMMIT[0m
  [1m[36mCard Load (0.1ms)[0m  [1m[34mSELECT "cards".* FROM "cards" WHERE "cards"."name" = $1 LIMIT $2[0m  [["name", "Passport Lite"], ["LIMIT", 1]]
  [1m[36mTRANSACTION (0.1ms)[0m  [1m[35mBEGIN[0m
  [1m[36mCard Create (1.9ms)[0m  [1m[32mINSERT INTO "cards" ("name", "issuer", "network", "card_type", "annual_fee", "reward_rate", "welcome_bonus", "perks", "best_for", "description", "image_url", "created_at", "updated_at") VALUES ($1, $2, $3, $4, $5, $6, $7, $8, $9, $10, $11, $12, $13) RETURNING "id"[0m  [["name", "Passport Lite"], ["issuer", "Atlas"], ["network", "Visa"], ["card_type", "Travel"], ["annual_fee", 0], ["reward_rate", 3.0], ["welcome_bonus", "25,000 Atlas Miles after spending $1,500 in 3 months"], ["perks", "No foreign fees, Lost luggage help, No annual fee"], ["best_for", "Travel"], ["description", "The Passport Lite from Atlas offers up to 3x on travel. No annual fee. No foreign transaction fee."], ["image_url", nil], ["created_at", "2026-09-08 09:22:42.755414"], ["updated_at", "2026-09-08 09:22:42.755414"]]
  [1m[36mTRANSACTION (0.2ms)[0m  [1m[35mCOMMIT[0m
  [1m[36mCard Load (0.1ms)[0m  [1m[34mSELECT "cards".* FROM "cards" WHERE "cards"."name" = $1 LIMIT $2[0m  [["name", "Passport Pro"], ["LIMIT", 1]]
  [1m[36mTRANSACTION (0.1ms)[0m  [1m[35mBEGIN[0m
  [1m[36mCard Create (0.3ms)[0m  [1m[32mINSERT INTO "cards" ("name", "issuer", "network", "card_type", "annual_fee", "reward_rate", "welcome_bonus", "perks", "best_for", "description", "image_url", "created_at", "updated_at") VALUES ($1, $2, $3, $4, $5, $6, $7, $8, $9, $10, $11, $12, $13) RETURNING "id"[0m  [["name", "Passport Pro"], ["issuer", "Atlas"], ["network", "Visa Signature"], ["card_type", "Travel"], ["annual_fee", 195], ["reward_rate", 5.0], ["welcome_bonus", "70,000 Atlas Miles after spending $5,000 in 4 months"], ["perks", "Lounge visits, Annual travel credit, Trip insurance"], ["best_for", "Travel"], ["description", "The Passport Pro from Atlas offers up to 5x on travel. Annual fee: $195. No foreign transaction fee."], ["image_url", nil], ["created_at", "2026-09-08 09:22:42.758352"], ["updated_at", "2026-09-08 09:22:42.758352"]]
  [1m[36mTRANSACTION (0.2ms)[0m  [1m[35mCOMMIT[0m
  [1m[36mCard Load (0.1ms)[0m  [1m[34mSELECT "cards".* FROM "cards" WHERE "cards"."name" = $1 LIMIT $2[0m  [["name", "Market Max"], ["LIMIT", 1]]
  [1m[36mTRANSACTION (0.1ms)[0m  [1m[35mBEGIN[0m
  [1m[36mCard Create (0.3ms)[0m  [1m[32mINSERT INTO "cards" ("name", "issuer", "network", "card_type", "annual_fee", "reward_rate", "welcome_bonus", "perks", "best_for", "description", "image_url", "created_at", "updated_at") VALUES ($1, $2, $3, $4, $5, $6, $7, $8, $9, $10, $11, $12, $13) RETURNING "id"[0m  [["name", "Market Max"], ["issuer", "Harvest"], ["network", "Amex"], ["card_type", "Groceries"], ["annual_fee", 95], ["reward_rate", 6.0], ["welcome_bonus", "300 Cashback after spending $2,500 in 6 months"], ["perks", "6% supermarkets, Delivery credit, Purchase cover"], ["best_for", "Groceries, Cashback"], ["description", "The Market Max from Harvest offers up to 6x on groceries. Annual fee: $95. Foreign transaction fee applies."], ["image_url", nil], ["created_at", "2026-09-08 09:22:42.759708"], ["updated_at", "2026-09-08 09:22:42.759708"]]
  [1m[36mTRANSACTION (0.2ms)[0m  [1m[35mCOMMIT[0m
  [1m[36mCard Load (0.4ms)[0m  [1m[34mSELECT "cards".* FROM "cards" WHERE "cards"."name" = $1 LIMIT $2[0m  [["name", "Commute Card"], ["LIMIT", 1]]
  [1m[36mTRANSACTION (0.1ms)[0m  [1m[35mBEGIN[0m
  [1m[36mCard Create (0.4ms)[0m  [1m[32mINSERT INTO "cards" ("name", "issuer", "network", "card_type", "annual_fee", "reward_rate", "welcome_bonus", "perks", "best_for", "description", "image_url", "created_at", "updated_at") VALUES ($1, $2, $3, $4, $5, $6, $7, $8, $9, $10, $11, $12, $13) RETURNING "id"[0m  [["name", "Commute Card"], ["issuer", "Metro"], ["network", "Mastercard"], ["card_type", "Travel"], ["annual_fee", 0], ["reward_rate", 4.0], ["welcome_bonus", "100 Cashback after spending $500 in 3 months"], ["perks", "4% public transport, Bike-share credit, No annual fee"], ["best_for", "Travel, Cashback"], ["description", "The Commute Card from Metro offers up to 4x on travel. No annual fee. Foreign transaction fee applies."], ["image_url", nil], ["created_at", "2026-09-08 09:22:42.761253"], ["updated_at", "2026-09-08 09:22:42.761253"]]
  [1m[36mTRANSACTION (0.2ms)[0m  [1m[35mCOMMIT[0m
  [1m[36mCard Load (0.1ms)[0m  [1m[34mSELECT "cards".* FROM "cards" WHERE "cards"."name" = $1 LIMIT $2[0m  [["name", "Flat Two"], ["LIMIT", 1]]
  [1m[36mTRANSACTION (0.2ms)[0m  [1m[35mBEGIN[0m
  [1m[36mCard Create (0.5ms)[0m  [1m[32mINSERT INTO "cards" ("name", "issuer", "network", "card_type", "annual_fee", "reward_rate", "welcome_bonus", "perks", "best_for", "description", "image_url", "created_at", "updated_at") VALUES ($1, $2, $3, $4, $5, $6, $7, $8, $9, $10, $11, $12, $13) RETURNING "id"[0m  [["name", "Flat Two"], ["issuer", "Oak"], ["network", "Visa"], ["card_type", "Cashback"], ["annual_fee", 0], ["reward_rate", 2.0], ["welcome_bonus", "200 Cashback after spending $1,000 in 3 months"], ["perks", "2% everywhere, No categories, No annual fee"], ["best_for", "Cashback, Other"], ["description", "The Flat Two from Oak offers up to 2x on dining. No annual fee. Foreign transaction fee applies."], ["image_url", nil], ["created_at", "2026-09-08 09:22:42.762650"], ["updated_at", "2026-09-08 09:22:42.762650"]]
  [1m[36mTRANSACTION (0.2ms)[0m  [1m[35mCOMMIT[0m
  [1m[36mCard Load (0.2ms)[0m  [1m[34mSELECT "cards".* FROM "cards" WHERE "cards"."name" = $1 LIMIT $2[0m  [["name", "Prime Day"], ["LIMIT", 1]]
  [1m[36mTRANSACTION (0.1ms)[0m  [1m[35mBEGIN[0m
  [1m[36mCard Create (0.4ms)[0m  [1m[32mINSERT INTO "cards" ("name", "issuer", "network", "card_type", "annual_fee", "reward_rate", "welcome_bonus", "perks", "best_for", "description", "image_url", "created_at", "updated_at") VALUES ($1, $2, $3, $4, $5, $6, $7, $8, $9, $10, $11, $12, $13) RETURNING "id"[0m  [["name", "Prime Day"], ["issuer", "Oak"], ["network", "Visa"], ["card_type", "Cashback"], ["annual_fee", 0], ["reward_rate", 3.0], ["welcome_bonus", "150 Cashback after spending $750 in 3 months"], ["perks", "Online shopping bonus, Extended warranty, No annual fee"], ["best_for", "Cashback, Other"], ["description", "The Prime Day from Oak offers up to 3x on groceries. No annual fee. Foreign transaction fee applies."], ["image_url", nil], ["created_at", "2026-09-08 09:22:42.764179"], ["updated_at", "2026-09-08 09:22:42.764179"]]
  [1m[36mTRANSACTION (0.2ms)[0m  [1m[35mCOMMIT[0m
  [1m[36mCard Load (0.1ms)[0m  [1m[34mSELECT "cards".* FROM "cards" WHERE "cards"."name" = $1 LIMIT $2[0m  [["name", "Dining Plus"], ["LIMIT", 1]]
  [1m[36mTRANSACTION (0.1ms)[0m  [1m[35mBEGIN[0m
  [1m[36mCard Create (0.4ms)[0m  [1m[32mINSERT INTO "cards" ("name", "issuer", "network", "card_type", "annual_fee", "reward_rate", "welcome_bonus", "perks", "best_for", "description", "image_url", "created_at", "updated_at") VALUES ($1, $2, $3, $4, $5, $6, $7, $8, $9, $10, $11, $12, $13) RETURNING "id"[0m  [["name", "Dining Plus"], ["issuer", "Citiwide"], ["network", "Mastercard"], ["card_type", "Dining"], ["annual_fee", 95], ["reward_rate", 5.0], ["welcome_bonus", "50,000 ThankYou Points after spending $4,000 in 3 months"], ["perks", "5× restaurants, Hotel savings, Transfer partners"], ["best_for", "Dining, Travel"], ["description", "The Dining Plus from Citiwide offers up to 5x on dining. Annual fee: $95. No foreign transaction fee."], ["image_url", nil], ["created_at", "2026-09-08 09:22:42.765482"], ["updated_at", "2026-09-08 09:22:42.765482"]]
  [1m[36mTRANSACTION (0.2ms)[0m  [1m[35mCOMMIT[0m
  [1m[36mCard Load (0.1ms)[0m  [1m[34mSELECT "cards".* FROM "cards" WHERE "cards"."name" = $1 LIMIT $2[0m  [["name", "Sky Basic"], ["LIMIT", 1]]
  [1m[36mTRANSACTION (0.2ms)[0m  [1m[35mBEGIN[0m
  [1m[36mCard Create (0.8ms)[0m  [1m[32mINSERT INTO "cards" ("name", "issuer", "network", "card_type", "annual_fee", "reward_rate", "welcome_bonus", "perks", "best_for", "description", "image_url", "created_at", "updated_at") VALUES ($1, $2, $3, $4, $5, $6, $7, $8, $9, $10, $11, $12, $13) RETURNING "id"[0m  [["name", "Sky Basic"], ["issuer", "SkyWays"], ["network", "Amex"], ["card_type", "Travel"], ["annual_fee", 0], ["reward_rate", 2.0], ["welcome_bonus", "20,000 Sky Miles after spending $1,000 in 3 months"], ["perks", "In-flight savings, No annual fee, Pay with miles"], ["best_for", "Travel"], ["description", "The Sky Basic from SkyWays offers up to 2x on dining. No annual fee. No foreign transaction fee."], ["image_url", nil], ["created_at", "2026-09-08 09:22:42.766906"], ["updated_at", "2026-09-08 09:22:42.766906"]]
  [1m[36mTRANSACTION (0.2ms)[0m  [1m[35mCOMMIT[0m
  [1m[36mCard Load (0.1ms)[0m  [1m[34mSELECT "cards".* FROM "cards" WHERE "cards"."name" = $1 LIMIT $2[0m  [["name", "Lounge Black"], ["LIMIT", 1]]
  [1m[36mTRANSACTION (0.1ms)[0m  [1m[35mBEGIN[0m
  [1m[36mCard Create (0.4ms)[0m  [1m[32mINSERT INTO "cards" ("name", "issuer", "network", "card_type", "annual_fee", "reward_rate", "welcome_bonus", "perks", "best_for", "description", "image_url", "created_at", "updated_at") VALUES ($1, $2, $3, $4, $5, $6, $7, $8, $9, $10, $11, $12, $13) RETURNING "id"[0m  [["name", "Lounge Black"], ["issuer", "Atlas"], ["network", "Visa Infinite"], ["card_type", "Travel"], ["annual_fee", 550], ["reward_rate", 6.0], ["welcome_bonus", "100,000 Atlas Miles after spending $8,000 in 6 months"], ["perks", "Unlimited lounges, $400 travel credit, Concierge"], ["best_for", "Travel, Dining"], ["description", "The Lounge Black from Atlas offers up to 6x on travel. Annual fee: $550. No foreign transaction fee."], ["image_url", nil], ["created_at", "2026-09-08 09:22:42.768730"], ["updated_at", "2026-09-08 09:22:42.768730"]]
  [1m[36mTRANSACTION (0.3ms)[0m  [1m[35mCOMMIT[0m
  [1m[36mCard Load (0.1ms)[0m  [1m[34mSELECT "cards".* FROM "cards" WHERE "cards"."name" = $1 LIMIT $2[0m  [["name", "Road Trip"], ["LIMIT", 1]]
  [1m[36mTRANSACTION (0.1ms)[0m  [1m[35mBEGIN[0m
  [1m[36mCard Create (0.4ms)[0m  [1m[32mINSERT INTO "cards" ("name", "issuer", "network", "card_type", "annual_fee", "reward_rate", "welcome_bonus", "perks", "best_for", "description", "image_url", "created_at", "updated_at") VALUES ($1, $2, $3, $4, $5, $6, $7, $8, $9, $10, $11, $12, $13) RETURNING "id"[0m  [["name", "Road Trip"], ["issuer", "Roadline"], ["network", "Visa"], ["card_type", "Gas"], ["annual_fee", 95], ["reward_rate", 5.0], ["welcome_bonus", "40,000 Road Points after spending $2,500 in 3 months"], ["perks", "5× fuel, Car rental cover, Roadside assistance"], ["best_for", "Gas, Travel"], ["description", "The Road Trip from Roadline offers up to 5x on gas. Annual fee: $95. No foreign transaction fee."], ["image_url", nil], ["created_at", "2026-09-08 09:22:42.770264"], ["updated_at", "2026-09-08 09:22:42.770264"]]
  [1m[36mTRANSACTION (0.3ms)[0m  [1m[35mCOMMIT[0m
  [1m[36mCard Load (0.1ms)[0m  [1m[34mSELECT "cards".* FROM "cards" WHERE "cards"."name" = $1 LIMIT $2[0m  [["name", "Music Money"], ["LIMIT", 1]]
  [1m[36mTRANSACTION (0.1ms)[0m  [1m[35mBEGIN[0m
  [1m[36mCard Create (0.3ms)[0m  [1m[32mINSERT INTO "cards" ("name", "issuer", "network", "card_type", "annual_fee", "reward_rate", "welcome_bonus", "perks", "best_for", "description", "image_url", "created_at", "updated_at") VALUES ($1, $2, $3, $4, $5, $6, $7, $8, $9, $10, $11, $12, $13) RETURNING "id"[0m  [["name", "Music Money"], ["issuer", "Nova"], ["network", "Mastercard"], ["card_type", "Streaming"], ["annual_fee", 0], ["reward_rate", 5.0], ["welcome_bonus", "100 Cashback after spending $500 in 3 months"], ["perks", "Music subscriptions bonus, Concert presales, No annual fee"], ["best_for", "Streaming, Cashback"], ["description", "The Music Money from Nova offers up to 5x on streaming. No annual fee. Foreign transaction fee applies."], ["image_url", nil], ["created_at", "2026-09-08 09:22:42.771816"], ["updated_at", "2026-09-08 09:22:42.771816"]]
  [1m[36mTRANSACTION (0.2ms)[0m  [1m[35mCOMMIT[0m
  [1m[36mCard Load (0.1ms)[0m  [1m[34mSELECT "cards".* FROM "cards" WHERE "cards"."name" = $1 LIMIT $2[0m  [["name", "Game On"], ["LIMIT", 1]]
  [1m[36mTRANSACTION (0.1ms)[0m  [1m[35mBEGIN[0m
  [1m[36mCard Create (0.4ms)[0m  [1m[32mINSERT INTO "cards" ("name", "issuer", "network", "card_type", "annual_fee", "reward_rate", "welcome_bonus", "perks", "best_for", "description", "image_url", "created_at", "updated_at") VALUES ($1, $2, $3, $4, $5, $6, $7, $8, $9, $10, $11, $12, $13) RETURNING "id"[0m  [["name", "Game On"], ["issuer", "Nova"], ["network", "Visa"], ["card_type", "Streaming"], ["annual_fee", 0], ["reward_rate", 4.0], ["welcome_bonus", "100 Cashback after spending $500 in 3 months"], ["perks", "Gaming store cashback, Device protection, No annual fee"], ["best_for", "Streaming, Cashback"], ["description", "The Game On from Nova offers up to 4x on streaming. No annual fee. Foreign transaction fee applies."], ["image_url", nil], ["created_at", "2026-09-08 09:22:42.773138"], ["updated_at", "2026-09-08 09:22:42.773138"]]
  [1m[36mTRANSACTION (0.2ms)[0m  [1m[35mCOMMIT[0m
  [1m[36mCard Load (0.2ms)[0m  [1m[34mSELECT "cards".* FROM "cards" WHERE "cards"."name" = $1 LIMIT $2[0m  [["name", "City Nights"], ["LIMIT", 1]]
  [1m[36mTRANSACTION (0.1ms)[0m  [1m[35mBEGIN[0m
  [1m[36mCard Create (0.4ms)[0m  [1m[32mINSERT INTO "cards" ("name", "issuer", "network", "card_type", "annual_fee", "reward_rate", "welcome_bonus", "perks", "best_for", "description", "image_url", "created_at", "updated_at") VALUES ($1, $2, $3, $4, $5, $6, $7, $8, $9, $10, $11, $12, $13) RETURNING "id"[0m  [["name", "City Nights"], ["issuer", "Metro"], ["network", "Mastercard"], ["card_type", "Dining"], ["annual_fee", 95], ["reward_rate", 5.0], ["welcome_bonus", "45,000 Metro Points after spending $3,000 in 3 months"], ["perks", "Ticket presales, Dining credit, Rideshare credit"], ["best_for", "Dining, Travel"], ["description", "The City Nights from Metro offers up to 5x on dining. Annual fee: $95. No foreign transaction fee."], ["image_url", nil], ["created_at", "2026-09-08 09:22:42.774492"], ["updated_at", "2026-09-08 09:22:42.774492"]]
  [1m[36mTRANSACTION (0.2ms)[0m  [1m[35mCOMMIT[0m
  [1m[36mCard Load (0.1ms)[0m  [1m[34mSELECT "cards".* FROM "cards" WHERE "cards"."name" = $1 LIMIT $2[0m  [["name", "Family Shopper"], ["LIMIT", 1]]
  [1m[36mTRANSACTION (0.1ms)[0m  [1m[35mBEGIN[0m
  [1m[36mCard Create (0.4ms)[0m  [1m[32mINSERT INTO "cards" ("name", "issuer", "network", "card_type", "annual_fee", "reward_rate", "welcome_bonus", "perks", "best_for", "description", "image_url", "created_at", "updated_at") VALUES ($1, $2, $3, $4, $5, $6, $7, $8, $9, $10, $11, $12, $13) RETURNING "id"[0m  [["name", "Family Shopper"], ["issuer", "Harvest"], ["network", "Visa"], ["card_type", "Groceries"], ["annual_fee", 0], ["reward_rate", 4.0], ["welcome_bonus", "200 Cashback after spending $1,200 in 3 months"], ["perks", "4% supermarkets, Family account alerts, No annual fee"], ["best_for", "Groceries, Cashback"], ["description", "The Family Shopper from Harvest offers up to 4x on groceries. No annual fee. Foreign transaction fee applies."], ["image_url", nil], ["created_at", "2026-09-08 09:22:42.775834"], ["updated_at", "2026-09-08 09:22:42.775834"]]
  [1m[36mTRANSACTION (0.2ms)[0m  [1m[35mCOMMIT[0m
  [1m[36mCard Load (0.1ms)[0m  [1m[34mSELECT "cards".* FROM "cards" WHERE "cards"."name" = $1 LIMIT $2[0m  [["name", "Solo Traveller"], ["LIMIT", 1]]
  [1m[36mTRANSACTION (0.1ms)[0m  [1m[35mBEGIN[0m
  [1m[36mCard Create (0.3ms)[0m  [1m[32mINSERT INTO "cards" ("name", "issuer", "network", "card_type", "annual_fee", "reward_rate", "welcome_bonus", "perks", "best_for", "description", "image_url", "created_at", "updated_at") VALUES ($1, $2, $3, $4, $5, $6, $7, $8, $9, $10, $11, $12, $13) RETURNING "id"[0m  [["name", "Solo Traveller"], ["issuer", "Atlas"], ["network", "Visa"], ["card_type", "Travel"], ["annual_fee", 95], ["reward_rate", 4.0], ["welcome_bonus", "50,000 Atlas Miles after spending $3,000 in 3 months"], ["perks", "Hostel and hotel bonus, Emergency support, No foreign fees"], ["best_for", "Travel"], ["description", "The Solo Traveller from Atlas offers up to 4x on travel. Annual fee: $95. No foreign transaction fee."], ["image_url", nil], ["created_at", "2026-09-08 09:22:42.777156"], ["updated_at", "2026-09-08 09:22:42.777156"]]
  [1m[36mTRANSACTION (0.2ms)[0m  [1m[35mCOMMIT[0m
  [1m[36mCard Load (0.1ms)[0m  [1m[34mSELECT "cards".* FROM "cards" WHERE "cards"."name" = $1 LIMIT $2[0m  [["name", "Coffee Card"], ["LIMIT", 1]]
  [1m[36mTRANSACTION (1.0ms)[0m  [1m[35mBEGIN[0m
  [1m[36mCard Create (1.6ms)[0m  [1m[32mINSERT INTO "cards" ("name", "issuer", "network", "card_type", "annual_fee", "reward_rate", "welcome_bonus", "perks", "best_for", "description", "image_url", "created_at", "updated_at") VALUES ($1, $2, $3, $4, $5, $6, $7, $8, $9, $10, $11, $12, $13) RETURNING "id"[0m  [["name", "Coffee Card"], ["issuer", "Sprout"], ["network", "Mastercard"], ["card_type", "Dining"], ["annual_fee", 0], ["reward_rate", 4.0], ["welcome_bonus", "75 Cashback after spending $300 in 3 months"], ["perks", "Coffee shop cashback, No annual fee, Weekly spend recap"], ["best_for", "Dining, Student"], ["description", "The Coffee Card from Sprout offers up to 4x on dining. No annual fee. Foreign transaction fee applies."], ["image_url", nil], ["created_at", "2026-09-08 09:22:42.778455"], ["updated_at", "2026-09-08 09:22:42.778455"]]
  [1m[36mTRANSACTION (0.3ms)[0m  [1m[35mCOMMIT[0m
  [1m[36mCard Load (0.2ms)[0m  [1m[34mSELECT "cards".* FROM "cards" WHERE "cards"."name" = $1 LIMIT $2[0m  [["name", "First Flight"], ["LIMIT", 1]]
  [1m[36mTRANSACTION (0.1ms)[0m  [1m[35mBEGIN[0m
  [1m[36mCard Create (0.5ms)[0m  [1m[32mINSERT INTO "cards" ("name", "issuer", "network", "card_type", "annual_fee", "reward_rate", "welcome_bonus", "perks", "best_for", "description", "image_url", "created_at", "updated_at") VALUES ($1, $2, $3, $4, $5, $6, $7, $8, $9, $10, $11, $12, $13) RETURNING "id"[0m  [["name", "First Flight"], ["issuer", "SkyWays"], ["network", "Visa"], ["card_type", "Student"], ["annual_fee", 0], ["reward_rate", 2.0], ["welcome_bonus", "15,000 Sky Miles after spending $750 in 3 months"], ["perks", "No annual fee, Travel tips, In-flight savings"], ["best_for", "Student, Travel"], ["description", "The First Flight from SkyWays offers up to 2x on dining. No annual fee. No foreign transaction fee."], ["image_url", nil], ["created_at", "2026-09-08 09:22:42.781137"], ["updated_at", "2026-09-08 09:22:42.781137"]]
  [1m[36mTRANSACTION (0.2ms)[0m  [1m[35mCOMMIT[0m
  [1m[36mCard Load (0.1ms)[0m  [1m[34mSELECT "cards".* FROM "cards" WHERE "cards"."name" = $1 LIMIT $2[0m  [["name", "Premium Cash"], ["LIMIT", 1]]
  [1m[36mTRANSACTION (0.1ms)[0m  [1m[35mBEGIN[0m
  [1m[36mCard Create (0.5ms)[0m  [1m[32mINSERT INTO "cards" ("name", "issuer", "network", "card_type", "annual_fee", "reward_rate", "welcome_bonus", "perks", "best_for", "description", "image_url", "created_at", "updated_at") VALUES ($1, $2, $3, $4, $5, $6, $7, $8, $9, $10, $11, $12, $13) RETURNING "id"[0m  [["name", "Premium Cash"], ["issuer", "Oak"], ["network", "Visa Signature"], ["card_type", "Cashback"], ["annual_fee", 95], ["reward_rate", 4.0], ["welcome_bonus", "400 Cashback after spending $3,000 in 4 months"], ["perks", "Choice categories, Purchase protection, Travel cover"], ["best_for", "Cashback, Dining"], ["description", "The Premium Cash from Oak offers up to 4x on dining. Annual fee: $95. No foreign transaction fee."], ["image_url", nil], ["created_at", "2026-09-08 09:22:42.782625"], ["updated_at", "2026-09-08 09:22:42.782625"]]
  [1m[36mTRANSACTION (0.2ms)[0m  [1m[35mCOMMIT[0m
  [1m[36mCard Load (0.2ms)[0m  [1m[34mSELECT "cards".* FROM "cards" WHERE "cards"."name" = $1 LIMIT $2[0m  [["name", "All Rounder"], ["LIMIT", 1]]
  [1m[36mTRANSACTION (0.1ms)[0m  [1m[35mBEGIN[0m
  [1m[36mCard Create (0.8ms)[0m  [1m[32mINSERT INTO "cards" ("name", "issuer", "network", "card_type", "annual_fee", "reward_rate", "welcome_bonus", "perks", "best_for", "description", "image_url", "created_at", "updated_at") VALUES ($1, $2, $3, $4, $5, $6, $7, $8, $9, $10, $11, $12, $13) RETURNING "id"[0m  [["name", "All Rounder"], ["issuer", "Harbor"], ["network", "Visa"], ["card_type", "Cashback"], ["annual_fee", 0], ["reward_rate", 3.0], ["welcome_bonus", "25,000 Harbor Points after spending $1,500 in 3 months"], ["perks", "3× key categories, No annual fee, Flexible rewards"], ["best_for", "Cashback, Other"], ["description", "The All Rounder from Harbor offers up to 3x on dining. No annual fee. Foreign transaction fee applies."], ["image_url", nil], ["created_at", "2026-09-08 09:22:42.784121"], ["updated_at", "2026-09-08 09:22:42.784121"]]
  [1m[36mTRANSACTION (0.2ms)[0m  [1m[35mCOMMIT[0m
  [1m[36mCard Load (0.1ms)[0m  [1m[34mSELECT "cards".* FROM "cards" WHERE "cards"."name" = $1 LIMIT $2[0m  [["name", "Wander Free"], ["LIMIT", 1]]
  [1m[36mTRANSACTION (0.1ms)[0m  [1m[35mBEGIN[0m
  [1m[36mCard Create (0.4ms)[0m  [1m[32mINSERT INTO "cards" ("name", "issuer", "network", "card_type", "annual_fee", "reward_rate", "welcome_bonus", "perks", "best_for", "description", "image_url", "created_at", "updated_at") VALUES ($1, $2, $3, $4, $5, $6, $7, $8, $9, $10, $11, $12, $13) RETURNING "id"[0m  [["name", "Wander Free"], ["issuer", "Capital Peak"], ["network", "Mastercard"], ["card_type", "Travel"], ["annual_fee", 0], ["reward_rate", 5.0], ["welcome_bonus", "30,000 Venture Miles after spending $1,500 in 3 months"], ["perks", "5× portal hotels, No foreign fees, No annual fee"], ["best_for", "Travel"], ["description", "The Wander Free from Capital Peak offers up to 5x on travel. No annual fee. No foreign transaction fee."], ["image_url", nil], ["created_at", "2026-09-08 09:22:42.785969"], ["updated_at", "2026-09-08 09:22:42.785969"]]
  [1m[36mTRANSACTION (0.2ms)[0m  [1m[35mCOMMIT[0m
  [1m[36mCard Load (0.1ms)[0m  [1m[34mSELECT "cards".* FROM "cards" WHERE "cards"."name" = $1 LIMIT $2[0m  [["name", "Grocery Starter"], ["LIMIT", 1]]
  [1m[36mTRANSACTION (0.1ms)[0m  [1m[35mBEGIN[0m
  [1m[36mCard Create (0.4ms)[0m  [1m[32mINSERT INTO "cards" ("name", "issuer", "network", "card_type", "annual_fee", "reward_rate", "welcome_bonus", "perks", "best_for", "description", "image_url", "created_at", "updated_at") VALUES ($1, $2, $3, $4, $5, $6, $7, $8, $9, $10, $11, $12, $13) RETURNING "id"[0m  [["name", "Grocery Starter"], ["issuer", "Sprout"], ["network", "Visa"], ["card_type", "Student"], ["annual_fee", 0], ["reward_rate", 3.0], ["welcome_bonus", "75 Cashback after spending $400 in 3 months"], ["perks", "3% groceries, Credit builder, No annual fee"], ["best_for", "Student, Groceries"], ["description", "The Grocery Starter from Sprout offers up to 3x on groceries. No annual fee. Foreign transaction fee applies."], ["image_url", nil], ["created_at", "2026-09-08 09:22:42.787295"], ["updated_at", "2026-09-08 09:22:42.787295"]]
  [1m[36mTRANSACTION (0.2ms)[0m  [1m[35mCOMMIT[0m
  [1m[36mCard Load (0.1ms)[0m  [1m[34mSELECT "cards".* FROM "cards" WHERE "cards"."name" = $1 LIMIT $2[0m  [["name", "Night Owl"], ["LIMIT", 1]]
  [1m[36mTRANSACTION (0.1ms)[0m  [1m[35mBEGIN[0m
  [1m[36mCard Create (0.4ms)[0m  [1m[32mINSERT INTO "cards" ("name", "issuer", "network", "card_type", "annual_fee", "reward_rate", "welcome_bonus", "perks", "best_for", "description", "image_url", "created_at", "updated_at") VALUES ($1, $2, $3, $4, $5, $6, $7, $8, $9, $10, $11, $12, $13) RETURNING "id"[0m  [["name", "Night Owl"], ["issuer", "Metro"], ["network", "Mastercard"], ["card_type", "Dining"], ["annual_fee", 0], ["reward_rate", 4.0], ["welcome_bonus", "200 Cashback after spending $1,000 in 3 months"], ["perks", "Late-night dining, Streaming bonus, No annual fee"], ["best_for", "Dining, Streaming"], ["description", "The Night Owl from Metro offers up to 4x on dining. No annual fee. Foreign transaction fee applies."], ["image_url", nil], ["created_at", "2026-09-08 09:22:42.788645"], ["updated_at", "2026-09-08 09:22:42.788645"]]
  [1m[36mTRANSACTION (0.3ms)[0m  [1m[35mCOMMIT[0m
  [1m[36mCard Load (0.1ms)[0m  [1m[34mSELECT "cards".* FROM "cards" WHERE "cards"."name" = $1 LIMIT $2[0m  [["name", "Digital Nomad"], ["LIMIT", 1]]
  [1m[36mTRANSACTION (0.1ms)[0m  [1m[35mBEGIN[0m
  [1m[36mCard Create (0.5ms)[0m  [1m[32mINSERT INTO "cards" ("name", "issuer", "network", "card_type", "annual_fee", "reward_rate", "welcome_bonus", "perks", "best_for", "description", "image_url", "created_at", "updated_at") VALUES ($1, $2, $3, $4, $5, $6, $7, $8, $9, $10, $11, $12, $13) RETURNING "id"[0m  [["name", "Digital Nomad"], ["issuer", "Atlas"], ["network", "Visa"], ["card_type", "Travel"], ["annual_fee", 150], ["reward_rate", 5.0], ["welcome_bonus", "60,000 Atlas Miles after spending $4,000 in 3 months"], ["perks", "Coworking credit, Travel insurance, No foreign fees"], ["best_for", "Travel, Streaming"], ["description", "The Digital Nomad from Atlas offers up to 5x on travel. Annual fee: $150. No foreign transaction fee."], ["image_url", nil], ["created_at", "2026-09-08 09:22:42.790100"], ["updated_at", "2026-09-08 09:22:42.790100"]]
  [1m[36mTRANSACTION (0.2ms)[0m  [1m[35mCOMMIT[0m
  [1m[36mCard Load (0.1ms)[0m  [1m[34mSELECT "cards".* FROM "cards" WHERE "cards"."name" = $1 LIMIT $2[0m  [["name", "Eco Everyday"], ["LIMIT", 1]]
  [1m[36mTRANSACTION (0.1ms)[0m  [1m[35mBEGIN[0m
  [1m[36mCard Create (0.4ms)[0m  [1m[32mINSERT INTO "cards" ("name", "issuer", "network", "card_type", "annual_fee", "reward_rate", "welcome_bonus", "perks", "best_for", "description", "image_url", "created_at", "updated_at") VALUES ($1, $2, $3, $4, $5, $6, $7, $8, $9, $10, $11, $12, $13) RETURNING "id"[0m  [["name", "Eco Everyday"], ["issuer", "Greenline"], ["network", "Mastercard"], ["card_type", "Cashback"], ["annual_fee", 0], ["reward_rate", 4.0], ["welcome_bonus", "150 Green Cash after spending $750 in 3 months"], ["perks", "Transit bonus, Carbon insights, No annual fee"], ["best_for", "Cashback, Travel"], ["description", "The Eco Everyday from Greenline offers up to 4x on travel. No annual fee. No foreign transaction fee."], ["image_url", nil], ["created_at", "2026-09-08 09:22:42.791574"], ["updated_at", "2026-09-08 09:22:42.791574"]]
  [1m[36mTRANSACTION (0.2ms)[0m  [1m[35mCOMMIT[0m
  [1m[36mCard Load (0.1ms)[0m  [1m[34mSELECT "cards".* FROM "cards" WHERE "cards"."name" = $1 LIMIT $2[0m  [["name", "Petrol Plus"], ["LIMIT", 1]]
  [1m[36mTRANSACTION (0.1ms)[0m  [1m[35mBEGIN[0m
  [1m[36mCard Create (0.5ms)[0m  [1m[32mINSERT INTO "cards" ("name", "issuer", "network", "card_type", "annual_fee", "reward_rate", "welcome_bonus", "perks", "best_for", "description", "image_url", "created_at", "updated_at") VALUES ($1, $2, $3, $4, $5, $6, $7, $8, $9, $10, $11, $12, $13) RETURNING "id"[0m  [["name", "Petrol Plus"], ["issuer", "Roadline"], ["network", "Visa"], ["card_type", "Gas"], ["annual_fee", 0], ["reward_rate", 4.0], ["welcome_bonus", "125 Cashback after spending $600 in 3 months"], ["perks", "4% fuel, Car wash savings, No annual fee"], ["best_for", "Gas, Cashback"], ["description", "The Petrol Plus from Roadline offers up to 4x on gas. No annual fee. Foreign transaction fee applies."], ["image_url", nil], ["created_at", "2026-09-08 09:22:42.792957"], ["updated_at", "2026-09-08 09:22:42.792957"]]
  [1m[36mTRANSACTION (0.2ms)[0m  [1m[35mCOMMIT[0m
  [1m[36mCard Load (0.1ms)[0m  [1m[34mSELECT "cards".* FROM "cards" WHERE "cards"."name" = $1 LIMIT $2[0m  [["name", "Select Reserve"], ["LIMIT", 1]]
  [1m[36mTRANSACTION (0.1ms)[0m  [1m[35mBEGIN[0m
  [1m[36mCard Create (0.5ms)[0m  [1m[32mINSERT INTO "cards" ("name", "issuer", "network", "card_type", "annual_fee", "reward_rate", "welcome_bonus", "perks", "best_for", "description", "image_url", "created_at", "updated_at") VALUES ($1, $2, $3, $4, $5, $6, $7, $8, $9, $10, $11, $12, $13) RETURNING "id"[0m  [["name", "Select Reserve"], ["issuer", "Citiwide"], ["network", "Mastercard World Elite"], ["card_type", "Travel"], ["annual_fee", 495], ["reward_rate", 6.0], ["welcome_bonus", "100,000 ThankYou Points after spending $8,000 in 6 months"], ["perks", "Unlimited lounges, Luxury hotels, Annual travel credit"], ["best_for", "Travel, Dining"], ["description", "The Select Reserve from Citiwide offers up to 6x on travel. Annual fee: $495. No foreign transaction fee."], ["image_url", nil], ["created_at", "2026-09-08 09:22:42.794441"], ["updated_at", "2026-09-08 09:22:42.794441"]]
  [1m[36mTRANSACTION (0.2ms)[0m  [1m[35mCOMMIT[0m
  [1m[36mCard Load (1.3ms)[0m  [1m[34mSELECT "cards".* FROM "cards" WHERE "cards"."name" = $1 LIMIT $2[0m  [["name", "Simple One"], ["LIMIT", 1]]
  [1m[36mTRANSACTION (0.1ms)[0m  [1m[35mBEGIN[0m
  [1m[36mCard Create (0.7ms)[0m  [1m[32mINSERT INTO "cards" ("name", "issuer", "network", "card_type", "annual_fee", "reward_rate", "welcome_bonus", "perks", "best_for", "description", "image_url", "created_at", "updated_at") VALUES ($1, $2, $3, $4, $5, $6, $7, $8, $9, $10, $11, $12, $13) RETURNING "id"[0m  [["name", "Simple One"], ["issuer", "Oak"], ["network", "Visa"], ["card_type", "Cashback"], ["annual_fee", 0], ["reward_rate", 1.5], ["welcome_bonus", "100 Cashback after spending $500 in 3 months"], ["perks", "1.5% everywhere, No annual fee, Instant alerts"], ["best_for", "Cashback, Student"], ["description", "The Simple One from Oak offers up to 1.5x on dining. No annual fee. Foreign transaction fee applies."], ["image_url", nil], ["created_at", "2026-09-08 09:22:42.797144"], ["updated_at", "2026-09-08 09:22:42.797144"]]
  [1m[36mTRANSACTION (0.2ms)[0m  [1m[35mCOMMIT[0m
  [1m[36mCard Load (0.2ms)[0m  [1m[34mSELECT "cards".* FROM "cards" WHERE "cards"."name" = $1 LIMIT $2[0m  [["name", "Foodie Flex"], ["LIMIT", 1]]
  [1m[36mTRANSACTION (0.4ms)[0m  [1m[35mBEGIN[0m
  [1m[36mCard Create (0.9ms)[0m  [1m[32mINSERT INTO "cards" ("name", "issuer", "network", "card_type", "annual_fee", "reward_rate", "welcome_bonus", "perks", "best_for", "description", "image_url", "created_at", "updated_at") VALUES ($1, $2, $3, $4, $5, $6, $7, $8, $9, $10, $11, $12, $13) RETURNING "id"[0m  [["name", "Foodie Flex"], ["issuer", "Harvest"], ["network", "Mastercard"], ["card_type", "Dining"], ["annual_fee", 0], ["reward_rate", 5.0], ["welcome_bonus", "200 Cashback after spending $1,000 in 3 months"], ["perks", "5% dining, Delivery savings, No annual fee"], ["best_for", "Dining, Cashback"], ["description", "The Foodie Flex from Harvest offers up to 5x on dining. No annual fee. Foreign transaction fee applies."], ["image_url", nil], ["created_at", "2026-09-08 09:22:42.798853"], ["updated_at", "2026-09-08 09:22:42.798853"]]
  [1m[36mTRANSACTION (0.2ms)[0m  [1m[35mCOMMIT[0m
  [1m[36mCard Load (0.2ms)[0m  [1m[34mSELECT "cards".* FROM "cards" WHERE "cards"."name" = $1 LIMIT $2[0m  [["name", "Jetstream"], ["LIMIT", 1]]
  [1m[36mTRANSACTION (0.1ms)[0m  [1m[35mBEGIN[0m
  [1m[36mCard Create (0.5ms)[0m  [1m[32mINSERT INTO "cards" ("name", "issuer", "network", "card_type", "annual_fee", "reward_rate", "welcome_bonus", "perks", "best_for", "description", "image_url", "created_at", "updated_at") VALUES ($1, $2, $3, $4, $5, $6, $7, $8, $9, $10, $11, $12, $13) RETURNING "id"[0m  [["name", "Jetstream"], ["issuer", "SkyWays"], ["network", "Amex"], ["card_type", "Travel"], ["annual_fee", 250], ["reward_rate", 5.0], ["welcome_bonus", "85,000 Sky Miles after spending $5,000 in 4 months"], ["perks", "Lounge access, Companion fare, Free checked bags"], ["best_for", "Travel"], ["description", "The Jetstream from SkyWays offers up to 5x on travel. Annual fee: $250. No foreign transaction fee."], ["image_url", nil], ["created_at", "2026-09-08 09:22:42.800732"], ["updated_at", "2026-09-08 09:22:42.800732"]]
  [1m[36mTRANSACTION (0.2ms)[0m  [1m[35mCOMMIT[0m
  [1m[36mCard Load (0.4ms)[0m  [1m[34mSELECT "cards".* FROM "cards" WHERE "cards"."name" = $1 LIMIT $2[0m  [["name", "Daily Five"], ["LIMIT", 1]]
  [1m[36mTRANSACTION (0.1ms)[0m  [1m[35mBEGIN[0m
  [1m[36mCard Create (0.5ms)[0m  [1m[32mINSERT INTO "cards" ("name", "issuer", "network", "card_type", "annual_fee", "reward_rate", "welcome_bonus", "perks", "best_for", "description", "image_url", "created_at", "updated_at") VALUES ($1, $2, $3, $4, $5, $6, $7, $8, $9, $10, $11, $12, $13) RETURNING "id"[0m  [["name", "Daily Five"], ["issuer", "Harbor"], ["network", "Visa"], ["card_type", "Groceries"], ["annual_fee", 95], ["reward_rate", 5.0], ["welcome_bonus", "50,000 Harbor Points after spending $3,000 in 3 months"], ["perks", "5× chosen categories, Phone protection, Flexible points"], ["best_for", "Groceries, Cashback"], ["description", "The Daily Five from Harbor offers up to 5x on groceries. Annual fee: $95. No foreign transaction fee."], ["image_url", nil], ["created_at", "2026-09-08 09:22:42.802523"], ["updated_at", "2026-09-08 09:22:42.802523"]]
  [1m[36mTRANSACTION (0.4ms)[0m  [1m[35mCOMMIT[0m
  [1m[36mCard Count (1.4ms)[0m  [1m[34mSELECT COUNT(*) FROM "cards"[0m
